date,home,away,goals_home,goals_away,league,season,result,homeXg,awayXg,homeRating,awayRating,homeWinProb,awayWinProb,odds_home,odds_away,odds_draw
2022-08-05,Crystal Palace,Arsenal,0,2,England_Premier,22/23,A,0.9447936,1.587503,1506.9904,1570.5896,0.2245884,0.52384377,4.5,1.8,3.6
2022-08-06,Fulham,Liverpool,2,2,England_Premier,22/23,D,,,,,,,11.0,1.28,5.75
2022-08-06,Bournemouth,Aston Villa,2,0,England_Premier,22/23,H,,,,,,,4.0,1.95,3.5
2022-08-06,Leeds,Wolves,2,1,England_Premier,22/23,H,1.1994616,1.1519804,1410.8496,1478.7117,0.3716718,0.3484381,2.37,3.0,3.3
2022-08-06,Newcastle,Nottingham Forest,2,0,England_Premier,22/23,H,,,,,,,1.53,6.0,4.0
2022-08-06,Tottenham,Southampton,4,1,England_Premier,22/23,H,1.9709796,0.8228446,1601.9343,1418.1523,0.642751,0.1485594,1.36,8.5,5.0
2022-08-06,Everton,Chelsea,0,1,England_Premier,22/23,A,0.7460871,1.7302139,1412.613,1601.4646,0.15770945,0.60926694,6.5,1.55,4.2
2022-08-07,Manchester United,Brighton,1,2,England_Premier,22/23,A,1.5290523,1.0003408,1510.3339,1502.9299,0.49537066,0.24765378,1.8,4.33,3.75
2022-08-07,Leicester,Brentford,2,2,England_Premier,22/23,D,1.5726894,1.140306,1508.9713,1457.603,0.47338507,0.27606416,1.85,4.0,3.8
2022-08-07,West Ham,Manchester City,0,2,England_Premier,22/23,A,0.7765801,2.1110563,1511.0575,1747.4587,0.12573801,0.6822313,7.5,1.36,5.25
2022-08-13,Aston Villa,Everton,2,1,England_Premier,22/23,H,1.5327117,0.971123,1438.1844,1390.7009,0.5034251,0.23957117,1.75,5.0,3.5
2022-08-13,Brighton,Newcastle,0,0,England_Premier,22/23,D,1.2082708,1.0585945,1558.9275,1555.8125,0.39460477,0.32028142,2.37,3.0,3.3
2022-08-13,Manchester City,Bournemouth,4,0,England_Premier,22/23,H,,,,,,,1.08,21.0,12.0
2022-08-13,Southampton,Leeds,2,2,England_Premier,22/23,D,1.2402555,1.271538,1382.9188,1463.5284,0.35792997,0.37280917,2.4,2.8,3.5
2022-08-13,Wolves,Fulham,0,0,England_Premier,22/23,D,,,,,,,2.2,3.3,3.4
2022-08-13,Arsenal,Leicester,4,2,England_Premier,22/23,H,1.8202798,0.9571979,1630.8145,1492.3987,0.5765684,0.19545928,1.55,5.5,4.33
2022-08-13,Brentford,Manchester United,4,0,England_Premier,22/23,H,0.8178432,1.5980196,1474.2048,1454.4216,0.1912526,0.5586191,4.5,1.75,3.75
2022-08-14,Nottingham Forest,West Ham,1,0,England_Premier,22/23,H,,,,,,,3.8,1.95,3.5
2022-08-14,Chelsea,Tottenham,2,2,England_Premier,22/23,D,1.496111,1.2027183,1623.9027,1637.0881,0.4398675,0.3051066,2.1,3.5,3.5
2022-08-15,Liverpool,Crystal Palace,1,1,England_Premier,22/23,D,2.1408002,0.760103,1731.4556,1447.0576,0.6919012,0.11998568,1.28,11.0,5.75
2022-08-20,Tottenham,Wolves,1,0,England_Premier,22/23,H,1.9990857,0.771211,1641.5421,1441.6718,0.6614212,0.1351023,1.4,7.5,4.75
2022-08-20,Crystal Palace,Aston Villa,3,1,England_Premier,22/23,H,1.1945735,1.1872935,1492.0393,1466.7177,0.36283964,0.3592966,2.45,3.0,3.2
2022-08-20,Everton,Nottingham Forest,1,1,England_Premier,22/23,D,,,,,,,1.85,4.2,3.6
2022-08-20,Fulham,Brentford,3,2,England_Premier,22/23,H,,,,,,,2.62,2.7,3.4
2022-08-20,Leicester,Southampton,1,2,England_Premier,22/23,A,1.6680937,1.1411812,1462.8798,1389.745,0.49670482,0.26074862,1.72,4.33,4.0
2022-08-20,Bournemouth,Arsenal,0,3,England_Premier,22/23,A,,,,,,,7.5,1.4,4.75
2022-08-21,Leeds,Chelsea,3,0,England_Premier,22/23,H,0.7413208,1.8251331,1456.9728,1619.3651,0.1462794,0.63208395,5.75,1.5,4.75
2022-08-21,West Ham,Brighton,0,2,England_Premier,22/23,A,1.2351478,1.2408698,1430.8569,1552.0569,0.36284074,0.3655794,2.5,2.8,3.4
2022-08-21,Newcastle,Manchester City,3,3,England_Premier,22/23,D,0.68567145,2.0292857,1563.2985,1820.6083,0.115275584,0.6889379,6.5,1.44,4.75
2022-08-22,Manchester United,Liverpool,2,1,England_Premier,22/23,H,,,,,,,4.75,1.66,4.2
2022-08-27,Southampton,Manchester United,0,1,England_Premier,22/23,A,,,,,,,3.4,1.95,3.8
2022-08-27,Brentford,Everton,1,1,England_Premier,22/23,D,,,,,,,2.05,3.8,3.3
2022-08-27,Brighton,Leeds,1,0,England_Premier,22/23,H,,,,,,,1.66,5.25,4.0
2022-08-27,Chelsea,Leicester,2,1,England_Premier,22/23,H,,,,,,,1.4,7.5,5.0
2022-08-27,Liverpool,Bournemouth,9,0,England_Premier,22/23,H,,,,,,,1.14,17.0,8.0
2022-08-27,Manchester City,Crystal Palace,4,2,England_Premier,22/23,H,,,,,,,1.2,15.0,7.0
2022-08-27,Arsenal,Fulham,2,1,England_Premier,22/23,H,,,,,,,1.4,6.5,5.5
2022-08-28,Aston Villa,West Ham,0,1,England_Premier,22/23,A,,,,,,,2.1,3.75,3.5
2022-08-28,Wolves,Newcastle,1,1,England_Premier,22/23,D,,,,,,,2.45,2.9,3.25
2022-08-28,Nottingham Forest,Tottenham,0,2,England_Premier,22/23,A,,,,,,,7.0,1.45,4.75
2022-08-30,Fulham,Brighton,2,1,England_Premier,22/23,H,,,,,,,3.3,2.3,3.2
2022-08-30,Crystal Palace,Brentford,1,1,England_Premier,22/23,D,,,,,,,2.05,3.6,3.4
2022-08-30,Southampton,Chelsea,2,1,England_Premier,22/23,H,,,,,,,5.0,1.65,4.0
2022-08-30,Leeds,Everton,1,1,England_Premier,22/23,D,,,,,,,2.05,3.4,3.6
2022-08-31,Manchester City,Nottingham Forest,6,0,England_Premier,22/23,H,,,,,,,1.08,23.0,11.0
2022-08-31,Bournemouth,Wolves,0,0,England_Premier,22/23,D,,,,,,,3.2,2.3,3.25
2022-08-31,Arsenal,Aston Villa,2,1,England_Premier,22/23,H,,,,,,,1.5,6.0,4.5
2022-08-31,West Ham,Tottenham,1,1,England_Premier,22/23,D,,,,,,,3.2,2.2,3.6
2022-08-31,Liverpool,Newcastle,2,1,England_Premier,22/23,H,,,,,,,1.28,10.0,6.0
2022-09-01,Leicester,Manchester United,0,1,England_Premier,22/23,A,,,,,,,3.1,2.15,3.75
2022-09-03,Everton,Liverpool,0,0,England_Premier,22/23,D,,,,,,,7.5,1.36,4.75
2022-09-03,Chelsea,West Ham,2,1,England_Premier,22/23,H,,,,,,,1.65,5.0,4.0
2022-09-03,Brentford,Leeds,5,2,England_Premier,22/23,H,,,,,,,2.1,3.3,3.6
2022-09-03,Newcastle,Crystal Palace,0,0,England_Premier,22/23,D,,,,,,,2.1,3.6,3.5
2022-09-03,Nottingham Forest,Bournemouth,2,3,England_Premier,22/23,A,,,,,,,2.15,3.5,3.3
2022-09-03,Tottenham,Fulham,2,1,England_Premier,22/23,H,,,,,,,1.5,6.5,4.33
2022-09-03,Wolves,Southampton,1,0,England_Premier,22/23,H,,,,,,,2.2,3.25,3.4
2022-09-03,Aston Villa,Manchester City,1,1,England_Premier,22/23,D,,,,,,,8.0,1.33,5.75
2022-09-04,Brighton,Leicester,5,2,England_Premier,22/23,H,,,,,,,1.9,4.2,3.5
2022-09-04,Manchester United,Arsenal,3,1,England_Premier,22/23,H,,,,,,,2.6,2.6,3.5
2022-09-16,Aston Villa,Southampton,1,0,England_Premier,22/23,H,,,,,,,2.1,3.5,3.5
2022-09-16,Nottingham Forest,Fulham,2,3,England_Premier,22/23,A,,,,,,,2.75,2.6,3.3
2022-09-17,Wolves,Manchester City,0,3,England_Premier,22/23,A,,,,,,,8.0,1.33,5.75
2022-09-17,Newcastle,Bournemouth,1,1,England_Premier,22/23,D,,,,,,,1.4,7.5,4.5
2022-09-17,Tottenham,Leicester,6,2,England_Premier,22/23,H,,,,,,,1.55,6.0,4.5
2022-09-18,Brentford,Arsenal,0,3,England_Premier,22/23,A,,,,,,,4.5,1.75,3.8
2022-09-18,Everton,West Ham,1,0,England_Premier,22/23,H,,,,,,,2.9,2.5,3.25
2022-10-01,Arsenal,Tottenham,3,1,England_Premier,22/23,H,,,,,,,1.95,3.8,3.8
2022-10-01,Crystal Palace,Chelsea,1,2,England_Premier,22/23,A,,,,,,,4.75,1.75,3.75
2022-10-01,Fulham,Newcastle,1,4,England_Premier,22/23,A,,,,,,,2.9,2.45,3.4
2022-10-01,Bournemouth,Brentford,0,0,England_Premier,22/23,D,,,,,,,3.2,2.25,3.4
2022-10-01,Liverpool,Brighton,3,3,England_Premier,22/23,D,,,,,,,1.45,6.0,4.75
2022-10-01,Southampton,Everton,1,2,England_Premier,22/23,A,,,,,,,2.3,3.1,3.3
2022-10-01,West Ham,Wolves,2,0,England_Premier,22/23,H,,,,,,,2.0,4.0,3.4
2022-10-02,Manchester City,Manchester United,6,3,England_Premier,22/23,H,,,,,,,1.44,6.5,5.5
2022-10-02,Leeds,Aston Villa,0,0,England_Premier,22/23,D,,,,,,,2.37,3.0,3.25
2022-10-03,Leicester,Nottingham Forest,4,0,England_Premier,22/23,H,,,,,,,1.7,4.5,4.0
2022-10-08,Bournemouth,Leicester,2,1,England_Premier,22/23,H,,,,,,,3.2,2.2,3.5
2022-10-08,Chelsea,Wolves,3,0,England_Premier,22/23,H,,,,,,,1.5,7.0,4.2
2022-10-08,Manchester City,Southampton,4,0,England_Premier,22/23,H,,,,,,,1.11,21.0,10.0
2022-10-08,Newcastle,Brentford,5,1,England_Premier,22/23,H,,,,,,,1.65,5.25,4.0
2022-10-08,Brighton,Tottenham,0,1,England_Premier,22/23,A,,,,,,,2.5,2.8,3.3
2022-10-09,Crystal Palace,Leeds,2,1,England_Premier,22/23,H,,,,,,,2.05,3.5,3.5
2022-10-09,West Ham,Fulham,3,1,England_Premier,22/23,H,,,,,,,1.6,5.5,3.8
2022-10-09,Arsenal,Liverpool,3,2,England_Premier,22/23,H,,,,,,,2.5,2.6,3.75
2022-10-09,Everton,Manchester United,1,2,England_Premier,22/23,A,,,,,,,3.6,2.0,3.5
2022-10-10,Nottingham Forest,Aston Villa,1,1,England_Premier,22/23,D,,,,,,,3.6,2.0,3.6
2022-10-14,Brentford,Brighton,2,0,England_Premier,22/23,H,,,1462.4764,1590.2974,,,3.1,2.3,3.4
2022-10-15,Leicester,Crystal Palace,0,0,England_Premier,22/23,D,,,1311.6462,1470.0879,,,2.3,3.0,3.5
2022-10-15,Wolves,Nottingham Forest,1,0,England_Premier,22/23,H,,,1369.7362,1262.3984,,,1.7,5.0,3.75
2022-10-15,Fulham,Bournemouth,2,2,England_Premier,22/23,D,,,1471.2037,1447.287,,,1.9,4.0,3.6
2022-10-15,Tottenham,Everton,2,0,England_Premier,22/23,H,,,1683.3306,1462.8873,,,1.45,7.5,4.5
2022-10-16,Manchester United,Newcastle,0,0,England_Premier,22/23,D,,,1601.7933,1603.9048,,,2.05,3.5,3.75
2022-10-16,Southampton,West Ham,1,1,England_Premier,22/23,D,,,1352.0161,1456.7356,,,2.9,2.45,3.4
2022-10-16,Leeds,Arsenal,0,1,England_Premier,22/23,A,,,1432.5161,1754.6328,,,5.0,1.66,4.0
2022-10-16,Aston Villa,Chelsea,0,2,England_Premier,22/23,A,,,1406.231,1555.2407,,,3.75,2.0,3.5
2022-10-16,Liverpool,Manchester City,1,0,England_Premier,22/23,H,,,1529.835,1797.4735,,,3.75,1.85,4.0
2022-10-18,Brighton,Nottingham Forest,0,0,England_Premier,22/23,D,,,1535.291,1250.0359,,,1.36,7.5,5.0
2022-10-18,Crystal Palace,Wolves,2,1,England_Premier,22/23,H,,,1455.6656,1381.6254,,,2.05,3.75,3.25
2022-10-19,Newcastle,Everton,1,0,England_Premier,22/23,H,1.7995266,0.943632,1608.1837,1450.6401,0.5751508,0.19503136,1.67,5.64,4.05
2022-10-19,Liverpool,West Ham,1,0,England_Premier,22/23,H,,,1587.6477,1449.1647,,,1.45,7.36,5.04
2022-10-19,Brentford,Chelsea,0,0,England_Premier,22/23,D,,,1508.8973,1583.2823,,,4.87,1.79,3.85
2022-10-19,Bournemouth,Southampton,0,1,England_Premier,22/23,A,1.1249686,1.2783499,1454.453,1359.7042,0.32516935,0.39945304,2.81,2.76,3.3
2022-10-19,Manchester United,Tottenham,2,0,England_Premier,22/23,H,,,1596.8632,1696.7489,,,2.42,3.05,3.56
2022-10-20,Fulham,Aston Villa,3,0,England_Premier,22/23,H,1.2865217,1.4161184,1463.71,1377.4741,0.34146714,0.40112823,3.09,2.43,3.49
2022-10-20,Leicester,Leeds,2,0,England_Premier,22/23,H,,,1326.3561,1432.25,,,2.26,3.25,3.69
2022-10-22,Nottingham Forest,Liverpool,1,0,England_Premier,22/23,H,,,1281.0173,1596.5052,,,11.5,1.29,6.2
2022-10-22,Manchester City,Brighton,3,1,England_Premier,22/23,H,2.7245014,0.9405303,1730.555,1502.2465,0.74851835,0.10414594,1.25,13.5,6.75
2022-10-22,Everton,Crystal Palace,3,0,England_Premier,22/23,H,,,1444.3331,1470.5032,,,2.6,3.15,3.13
2022-10-22,Chelsea,Manchester United,1,1,England_Premier,22/23,D,,,1579.3137,1641.8228,,,2.1,3.3,3.6
2022-10-23,Wolves,Leicester,0,4,England_Premier,22/23,A,1.2871583,1.3526168,1367.6487,1371.9304,0.3540572,0.38452032,2.4,3.21,3.41
2022-10-23,Southampton,Arsenal,1,1,England_Premier,22/23,D,0.73143613,2.04826,1400.5469,1754.8256,0.12259273,0.6811818,6.74,1.5,4.79
2022-10-23,Leeds,Fulham,2,3,England_Premier,22/23,A,1.4556804,1.3144937,1385.6655,1489.2351,0.4053181,0.34103245,2.09,3.56,3.8
2022-10-23,Aston Villa,Brentford,4,0,England_Premier,22/23,H,1.3300197,1.2169523,1349.4484,1512.4382,0.3934152,0.33998707,2.09,3.8,3.56
2022-10-23,Tottenham,Newcastle,1,2,England_Premier,22/23,A,1.662917,1.2655088,1651.2297,1614.3237,0.46725807,0.29167163,2.06,3.86,3.59
2022-10-24,West Ham,Bournemouth,2,0,England_Premier,22/23,H,1.6937137,0.9474031,1441.1711,1415.926,0.54933274,0.21006404,1.58,6.45,4.18
2022-10-29,Leicester,Manchester City,0,1,England_Premier,22/23,A,0.7084769,2.4049747,1415.1663,1744.073,0.09083473,0.7499219,9.52,1.33,5.92
2022-10-29,Newcastle,Aston Villa,4,0,England_Premier,22/23,H,,,,,,,1.83,4.64,3.82
2022-10-29,Brentford,Wolves,1,1,England_Premier,22/23,D,,,,,,,2.21,3.47,3.54
2022-10-29,Brighton,Chelsea,4,1,England_Premier,22/23,H,,,,,,,3.12,2.47,3.38
2022-10-29,Crystal Palace,Southampton,1,0,England_Premier,22/23,H,,,,,,,2.02,4.1,3.52
2022-10-29,Bournemouth,Tottenham,2,3,England_Premier,22/23,A,,,,,,,5.16,1.76,3.82
2022-10-29,Fulham,Everton,0,0,England_Premier,22/23,D,,,,,,,2.25,3.41,3.51
2022-10-29,Liverpool,Leeds,1,2,England_Premier,22/23,A,,,,,,,1.29,9.17,6.63
2022-10-30,Arsenal,Nottingham Forest,5,0,England_Premier,22/23,H,,,,,,,1.24,12.5,6.75
2022-10-30,Manchester United,West Ham,1,0,England_Premier,22/23,H,,,,,,,1.74,5.03,4.01
2022-11-05,Leeds,Bournemouth,4,3,England_Premier,22/23,H,,,,,,,1.67,5.47,4.14
2022-11-05,Manchester City,Fulham,2,1,England_Premier,22/23,H,,,,,,,1.15,17.0,9.5
2022-11-05,Nottingham Forest,Brentford,2,2,England_Premier,22/23,D,,,,,,,2.73,2.86,3.28
2022-11-05,Wolves,Brighton,2,3,England_Premier,22/23,A,,,,,,,3.86,2.16,3.34
2022-11-05,Everton,Leicester,0,2,England_Premier,22/23,A,,,,,,,2.6,2.94,3.36
2022-11-06,Chelsea,Arsenal,0,1,England_Premier,22/23,A,,,,,,,2.8,2.69,3.43
2022-11-06,West Ham,Crystal Palace,1,2,England_Premier,22/23,A,,,,,,,1.9,4.55,3.62
2022-11-06,Southampton,Newcastle,1,4,England_Premier,22/23,A,,,,,,,4.77,1.8,3.85
2022-11-06,Aston Villa,Manchester United,3,1,England_Premier,22/23,H,,,,,,,3.48,2.14,3.73
2022-11-06,Tottenham,Liverpool,1,2,England_Premier,22/23,A,,,,,,,3.47,2.09,3.9
2022-11-12,Manchester City,Brentford,1,2,England_Premier,22/23,A,,,,,,,1.15,19.0,9.5
2022-11-12,Liverpool,Southampton,3,1,England_Premier,22/23,H,,,,,,,1.28,10.36,6.45
2022-11-12,Nottingham Forest,Crystal Palace,1,0,England_Premier,22/23,H,,,,,,,3.23,2.49,3.21
2022-11-12,Tottenham,Leeds,4,3,England_Premier,22/23,H,,,,,,,1.75,4.66,4.2
2022-11-12,West Ham,Leicester,0,2,England_Premier,22/23,A,,,,,,,2.3,3.36,3.46
2022-11-12,Bournemouth,Everton,3,0,England_Premier,22/23,H,,,,,,,2.85,2.72,3.29
2022-11-12,Newcastle,Chelsea,1,0,England_Premier,22/23,H,,,,,,,2.31,3.36,3.43
2022-11-12,Wolves,Arsenal,0,2,England_Premier,22/23,A,,,,,,,6.12,1.6,4.2
2022-11-13,Brighton,Aston Villa,1,2,England_Premier,22/23,A,,,,,,,1.82,4.98,3.66
2022-11-13,Fulham,Manchester United,1,2,England_Premier,22/23,A,,,,,,,4.01,1.94,3.86
2022-12-26,Brentford,Tottenham,2,2,England_Premier,22/23,D,,,,,,,3.62,2.09,3.74
2022-12-26,Crystal Palace,Fulham,0,3,England_Premier,22/23,A,,,,,,,2.1,3.69,3.63
2022-12-26,Everton,Wolves,1,2,England_Premier,22/23,A,,,,,,,2.53,3.14,3.24
2022-12-26,Leicester,Newcastle,0,3,England_Premier,22/23,A,,,,,,,3.56,2.16,3.59
2022-12-26,Southampton,Brighton,1,3,England_Premier,22/23,A,,,,,,,3.53,2.2,3.51
2022-12-26,Aston Villa,Liverpool,1,3,England_Premier,22/23,A,,,,,,,5.17,1.67,4.33
2022-12-26,Arsenal,West Ham,3,1,England_Premier,22/23,H,,,,,,,1.55,6.72,4.31
2022-12-27,Chelsea,Bournemouth,2,0,England_Premier,22/23,H,,,,,,,1.37,8.96,5.42
2022-12-27,Manchester United,Nottingham Forest,3,0,England_Premier,22/23,H,,,,,,,1.3,10.27,5.98
2022-12-28,Leeds,Manchester City,1,3,England_Premier,22/23,A,,,,,,,12.01,1.25,6.76
2022-12-30,West Ham,Brentford,0,2,England_Premier,22/23,A,,,,,,,1.98,3.97,3.75
2022-12-30,Liverpool,Leicester,2,1,England_Premier,22/23,H,,,,,,,1.29,10.92,6.14
2022-12-31,Wolves,Manchester United,0,1,England_Premier,22/23,A,,,,,,,4.09,1.98,3.66
2022-12-31,Manchester City,Everton,1,1,England_Premier,22/23,D,,,,,,,1.14,22.0,10.0
2022-12-31,Newcastle,Leeds,0,0,England_Premier,22/23,D,,,,,,,1.44,7.56,4.98
2022-12-31,Fulham,Southampton,2,1,England_Premier,22/23,H,,,,,,,1.84,4.38,3.97
2022-12-31,Bournemouth,Crystal Palace,0,2,England_Premier,22/23,A,,,,,,,2.79,2.83,3.23
2022-12-31,Brighton,Arsenal,2,4,England_Premier,22/23,A,,,,,,,4.09,2.0,3.6
2023-01-01,Tottenham,Aston Villa,0,2,England_Premier,22/23,A,,,,,,,1.68,5.37,4.11
2023-01-01,Nottingham Forest,Chelsea,1,1,England_Premier,22/23,D,,,,,,,5.96,1.63,4.08
2023-01-02,Brentford,Liverpool,3,1,England_Premier,22/23,H,,,,,,,5.45,1.61,4.56
2023-01-03,Arsenal,Newcastle,0,0,England_Premier,22/23,D,,,,,,,1.79,4.79,3.89
2023-01-03,Leicester,Fulham,0,1,England_Premier,22/23,A,,,,,,,2.49,2.91,3.61
2023-01-03,Everton,Brighton,1,4,England_Premier,22/23,A,,,,,,,3.56,2.18,3.54
2023-01-03,Manchester United,Bournemouth,3,0,England_Premier,22/23,H,,,,,,,1.25,12.75,6.75
2023-01-04,Southampton,Nottingham Forest,0,1,England_Premier,22/23,A,,,,,,,2.23,3.53,3.43
2023-01-04,Leeds,West Ham,2,2,England_Premier,22/23,D,,,,,,,2.68,2.72,3.55
2023-01-04,Aston Villa,Wolves,1,1,England_Premier,22/23,D,1.4741805,0.9690701,1488.6547,1357.666,0.4887086,0.24827304,2.0,4.2,3.5
2023-01-04,Crystal Palace,Tottenham,0,4,England_Premier,22/23,A,1.0650928,1.5340824,1446.3557,1547.0712,0.2634324,0.4811698,3.71,2.13,3.54
2023-01-05,Chelsea,Manchester City,0,1,England_Premier,22/23,A,0.99132013,1.8041469,1531.0198,1665.7263,0.20539054,0.56454796,4.9,1.74,4.15
2023-01-12,Fulham,Chelsea,2,1,England_Premier,22/23,H,1.0801492,1.4880663,1532.6442,1520.9109,0.2749883,0.4657882,3.89,2.05,3.6
2023-01-13,Aston Villa,Leeds,2,1,England_Premier,22/23,H,1.5270686,1.1660913,1476.3092,1426.4453,0.45598304,0.2903319,2.05,3.88,3.61
2023-01-14,Manchester United,Manchester City,2,1,England_Premier,22/23,H,1.0402125,1.7762678,1631.2932,1679.5469,0.22053477,0.54628867,4.09,1.88,4.06
2023-01-14,Nottingham Forest,Leicester,2,0,England_Premier,22/23,H,1.1867169,1.3679081,1388.9517,1445.8306,0.3246201,0.41005376,2.69,2.86,3.32
2023-01-14,Wolves,West Ham,1,0,England_Premier,22/23,H,1.1762048,1.0692852,1369.6484,1391.7727,0.38304687,0.32971442,2.4,3.0,3.2
2023-01-14,Brighton,Liverpool,3,0,England_Premier,22/23,H,1.3584522,1.5772282,1538.705,1554.7871,0.32930404,0.42628032,3.04,2.34,3.78
2023-01-14,Everton,Southampton,1,2,England_Premier,22/23,A,1.3302164,1.0602775,1388.1322,1337.8341,0.4283208,0.29757515,2.37,3.34,3.32
2023-01-14,Brentford,Bournemouth,2,0,England_Premier,22/23,H,1.7410321,1.0172076,1534.093,1358.7474,0.5435541,0.22009517,1.66,5.81,4.0
2023-01-15,Chelsea,Crystal Palace,1,0,England_Premier,22/23,H,1.5856498,0.86284626,1508.4259,1425.2595,0.5439622,0.2042244,1.8,5.13,3.64
2023-01-15,Newcastle,Fulham,1,0,England_Premier,22/23,H,1.9817761,0.8601508,1683.555,1544.6973,0.6357712,0.15521325,1.47,7.43,4.8
2023-01-15,Tottenham,Arsenal,0,2,England_Premier,22/23,A,1.2581642,1.63736,1569.6406,1752.3158,0.2942281,0.4627004,3.48,2.21,3.55
2023-01-18,Crystal Palace,Manchester United,1,1,England_Premier,22/23,D,,,,,,,5.17,1.73,3.95
2023-01-19,Manchester City,Tottenham,4,2,England_Premier,22/23,H,2.4268777,0.9264177,1657.6682,1556.7784,0.7043248,0.12515551,1.38,8.51,5.51
2023-01-21,Liverpool,Chelsea,0,0,England_Premier,22/23,D,1.7039315,1.1279064,1531.0487,1515.8273,0.5084316,0.2519409,2.08,3.81,3.59
2023-01-21,Southampton,Aston Villa,0,1,England_Premier,22/23,A,1.1123418,1.208781,1360.2836,1486.7234,0.33541387,0.3828511,2.6,2.9,3.2
2023-01-21,West Ham,Everton,2,0,England_Premier,22/23,H,1.4385815,0.8956082,1377.149,1366.1498,0.49742636,0.2343994,1.83,4.5,3.5
2023-01-21,Bournemouth,Nottingham Forest,1,1,England_Premier,22/23,D,1.1071835,1.1996791,1350.4556,1413.8667,0.3357901,0.38140872,3.04,2.68,3.12
2023-01-21,Leicester,Brighton,2,2,England_Premier,22/23,D,0.98260534,1.7129481,1422.5743,1562.401,0.21582478,0.54529023,4.27,1.83,4.12
2023-01-21,Crystal Palace,Newcastle,0,0,England_Premier,22/23,D,0.8423985,1.5494714,1429.1062,1688.2074,0.20406556,0.5400068,4.53,1.88,3.66
2023-01-22,Manchester City,Wolves,3,0,England_Premier,22/23,H,2.5895894,0.6375837,1673.2102,1384.7808,0.7930113,0.069279276,1.24,13.5,6.75
2023-01-22,Leeds,Brentford,0,0,England_Premier,22/23,D,1.4060447,1.324344,1415.8755,1542.355,0.39059758,0.35313886,2.32,3.12,3.69
2023-01-22,Arsenal,Manchester United,3,2,England_Premier,22/23,H,1.8166126,1.156737,1768.3019,1636.244,0.5281936,0.24172036,1.87,4.31,3.9
2023-01-23,Fulham,Tottenham,0,1,England_Premier,22/23,A,1.192051,1.6553267,1540.5176,1544.4155,0.2751563,0.48192185,3.34,2.14,3.91
2023-02-03,Chelsea,Fulham,0,0,England_Premier,22/23,D,1.7302804,0.88733196,1519.2819,1524.0802,0.57303214,0.19085531,1.67,5.67,4.0
2023-02-04,Everton,Arsenal,1,0,England_Premier,22/23,H,0.7254784,1.8663281,1348.846,1774.1656,0.13857648,0.6452009,8.26,1.47,4.43
2023-02-04,Manchester United,Crystal Palace,2,1,England_Premier,22/23,H,1.9278158,0.73118913,1631.4073,1441.4558,0.65682006,0.13372879,1.38,9.38,5.09
2023-02-04,Aston Villa,Leicester,2,4,England_Premier,22/23,A,1.5426899,1.1795688,1496.8069,1429.0808,0.4568784,0.2910344,2.04,3.86,3.65
2023-02-04,Brentford,Southampton,3,0,England_Premier,22/23,H,1.588073,1.0100294,1536.874,1350.5853,0.50801766,0.24089974,1.8,5.03,3.72
2023-02-04,Brighton,Bournemouth,1,0,England_Premier,22/23,H,,,,,,,1.4,8.39,5.14
2023-02-04,Wolves,Liverpool,3,0,England_Premier,22/23,H,,,,,,,4.14,1.9,3.92
2023-02-04,Newcastle,West Ham,1,1,England_Premier,22/23,D,,,,,,,1.67,5.72,3.99
2023-02-05,Nottingham Forest,Leeds,1,0,England_Premier,22/23,H,,,,,,,2.81,2.66,3.45
2023-02-05,Tottenham,Manchester City,1,0,England_Premier,22/23,H,,,,,,,4.19,1.88,3.95
2023-02-08,Manchester United,Leeds,2,2,England_Premier,22/23,D,,,,,,,1.52,6.33,4.79
2023-02-11,West Ham,Chelsea,1,1,England_Premier,22/23,D,,,,,,,3.4,2.2,3.3
2023-02-11,Leicester,Tottenham,4,1,England_Premier,22/23,H,,,,,,,3.64,2.05,3.82
2023-02-11,Southampton,Wolves,1,2,England_Premier,22/23,A,,,,,,,3.09,2.61,3.17
2023-02-11,Arsenal,Brentford,1,1,England_Premier,22/23,D,,,,,,,1.56,6.65,4.3
2023-02-11,Crystal Palace,Brighton,1,1,England_Premier,22/23,D,,,,,,,4.48,1.88,3.75
2023-02-11,Fulham,Nottingham Forest,2,0,England_Premier,22/23,H,,,,,,,1.89,4.62,3.6
2023-02-11,Bournemouth,Newcastle,1,1,England_Premier,22/23,D,,,,,,,6.07,1.62,4.1
2023-02-12,Leeds,Manchester United,0,2,England_Premier,22/23,A,,,,,,,3.77,2.02,3.82
2023-02-12,Manchester City,Aston Villa,3,1,England_Premier,22/23,H,,,,,,,1.36,9.5,5.3
2023-02-13,Liverpool,Everton,2,0,England_Premier,22/23,H,,,,,,,1.73,5.15,3.95
2023-02-15,Arsenal,Manchester City,1,3,England_Premier,22/23,A,,,,,,,3.03,2.52,3.4
2023-02-18,Aston Villa,Arsenal,2,4,England_Premier,22/23,A,,,,,,,4.5,1.88,3.72
2023-02-18,Brentford,Crystal Palace,1,1,England_Premier,22/23,D,,,,,,,1.84,4.93,3.6
2023-02-18,Brighton,Fulham,0,1,England_Premier,22/23,A,,,,,,,1.62,5.87,4.21
2023-02-18,Chelsea,Southampton,0,1,England_Premier,22/23,A,,,,,,,1.42,8.74,4.79
2023-02-18,Everton,Leeds,1,0,England_Premier,22/23,H,,,,,,,2.75,2.83,3.28
2023-02-18,Nottingham Forest,Manchester City,1,1,England_Premier,22/23,D,,,,,,,8.2,1.41,4.91
2023-02-18,Wolves,Bournemouth,0,1,England_Premier,22/23,A,,,,,,,1.87,4.88,3.51
2023-02-18,Newcastle,Liverpool,0,2,England_Premier,22/23,A,,,,,,,2.56,2.86,3.55
2023-02-19,Manchester United,Leicester,3,0,England_Premier,22/23,H,,,,,,,1.6,5.71,4.49
2023-02-19,Tottenham,West Ham,2,0,England_Premier,22/23,H,,,,,,,1.93,4.55,3.53
2023-02-24,Fulham,Wolves,1,1,England_Premier,22/23,D,,,,,,,2.58,2.99,3.27
2023-02-25,Leeds,Southampton,1,0,England_Premier,22/23,H,,,,,,,2.0,3.96,3.68
2023-02-25,Leicester,Arsenal,0,1,England_Premier,22/23,A,,,,,,,5.58,1.63,4.29
2023-02-25,West Ham,Nottingham Forest,4,0,England_Premier,22/23,H,,,,,,,1.8,5.12,3.68
2023-02-25,Everton,Aston Villa,0,2,England_Premier,22/23,A,,,,,,,2.73,2.97,3.15
2023-02-25,Bournemouth,Manchester City,1,4,England_Premier,22/23,A,,,,,,,8.61,1.39,5.13
2023-02-25,Crystal Palace,Liverpool,0,0,England_Premier,22/23,D,,,,,,,4.93,1.76,3.94
2023-02-26,Tottenham,Chelsea,2,0,England_Premier,22/23,H,,,,,,,2.92,2.66,3.3
2023-03-01,Arsenal,Everton,4,0,England_Premier,22/23,H,,,,,,,1.33,11.02,5.29
2023-03-01,Liverpool,Wolves,2,0,England_Premier,22/23,H,,,,,,,1.53,6.19,4.58
2023-03-04,Manchester City,Newcastle,2,0,England_Premier,22/23,H,,,,,,,1.54,6.25,4.5
2023-03-04,Wolves,Tottenham,1,0,England_Premier,22/23,H,,,,,,,3.2,2.3,3.3
2023-03-04,Brighton,West Ham,4,0,England_Premier,22/23,H,,,,,,,1.71,5.27,3.98
2023-03-04,Chelsea,Leeds,1,0,England_Premier,22/23,H,,,,,,,1.64,5.81,4.1
2023-03-04,Arsenal,Bournemouth,3,2,England_Premier,22/23,H,,,,,,,1.24,13.5,6.65
2023-03-04,Aston Villa,Crystal Palace,1,0,England_Premier,22/23,H,,,,,,,2.11,3.9,3.42
2023-03-04,Southampton,Leicester,1,0,England_Premier,22/23,H,,,,,,,2.75,2.55,3.3
2023-03-05,Nottingham Forest,Everton,2,2,England_Premier,22/23,D,,,,,,,3.09,2.69,3.07
2023-03-05,Liverpool,Manchester United,7,0,England_Premier,22/23,H,,,,,,,2.38,3.05,3.65
2023-03-06,Brentford,Fulham,3,2,England_Premier,22/23,H,,,,,,,2.04,3.87,3.64
2023-03-11,Bournemouth,Liverpool,1,0,England_Premier,22/23,H,,,,,,,7.5,1.4,5.0
2023-03-11,Leeds,Brighton,2,2,England_Premier,22/23,D,,,,,,,4.2,1.83,3.75
2023-03-11,Leicester,Chelsea,1,3,England_Premier,22/23,A,,,,,,,4.0,1.91,3.6
2023-03-11,Everton,Brentford,1,0,England_Premier,22/23,H,,,,,,,2.7,2.8,3.1
2023-03-11,Tottenham,Nottingham Forest,3,1,England_Premier,22/23,H,,,,,,,1.44,7.0,4.75
2023-03-11,Crystal Palace,Manchester City,0,1,England_Premier,22/23,A,,,,,,,9.0,1.36,4.75
2023-03-12,West Ham,Aston Villa,1,1,England_Premier,22/23,D,,,,,,,2.42,3.25,3.31
2023-03-12,Fulham,Arsenal,0,3,England_Premier,22/23,A,,,,,,,7.04,1.5,4.61
2023-03-12,Manchester United,Southampton,0,0,England_Premier,22/23,D,,,,,,,1.28,11.37,6.24
2023-03-12,Newcastle,Wolves,2,1,England_Premier,22/23,H,1.714735,0.8038244,1598.7614,1422.7188,0.59062785,0.1730705,1.63,6.35,3.93
2023-03-15,Southampton,Brentford,0,2,England_Premier,22/23,A,1.0253025,1.2979689,1376.7845,1539.2369,0.293836,0.42750916,3.18,2.5,3.25
2023-03-15,Brighton,Crystal Palace,1,0,England_Premier,22/23,H,1.8545277,0.76710546,1540.9943,1443.9507,0.63192004,0.14885847,1.45,8.31,4.67
2023-03-17,Nottingham Forest,Newcastle,1,2,England_Premier,22/23,A,0.76124996,1.6624951,1394.6993,1600.8174,0.169196,0.58922225,5.98,1.67,3.88
2023-03-18,Southampton,Tottenham,3,3,England_Premier,22/23,D,0.871837,1.6269094,1366.4792,1562.7935,0.200802,0.55197054,4.68,1.85,3.73
2023-03-18,Wolves,Leeds,2,4,England_Premier,22/23,A,1.2251716,1.1565559,1420.848,1406.2719,0.37785935,0.34447128,2.33,3.44,3.32
2023-03-18,Aston Villa,Bournemouth,3,0,England_Premier,22/23,H,1.6503279,1.0187882,1478.3539,1400.2043,0.5213414,0.2336401,1.78,4.92,3.87
2023-03-18,Brentford,Leicester,1,1,England_Premier,22/23,D,1.6634789,1.2067257,1549.585,1434.2009,0.48056746,0.2773772,1.88,4.26,3.91
2023-03-18,Chelsea,Everton,2,2,England_Premier,22/23,D,1.7710184,0.74155045,1500.7423,1388.7524,0.6198586,0.15213212,1.52,7.69,4.24
2023-03-19,Arsenal,Crystal Palace,4,1,England_Premier,22/23,H,2.2375598,0.6891212,1715.7716,1439.0531,0.72656506,0.09939067,1.28,11.83,6.11
2023-04-01,Manchester City,Liverpool,4,1,England_Premier,22/23,H,2.1836839,1.1160526,1701.8416,1546.9338,0.61633843,0.18474594,1.64,5.33,4.26
2023-04-01,Crystal Palace,Leicester,2,1,England_Premier,22/23,H,1.3486456,1.1875106,1434.6342,1441.8567,0.40475565,0.32851642,2.39,3.32,3.3
2023-04-01,Nottingham Forest,Wolves,1,1,England_Premier,22/23,D,1.0652106,1.316668,1390.7561,1401.7775,0.30143133,0.4234661,3.44,2.41,3.16
2023-04-01,Bournemouth,Fulham,2,1,England_Premier,22/23,H,1.1592385,1.28679,1387.8717,1522.1847,0.33291247,0.39424005,2.6,2.96,3.35
2023-04-01,Arsenal,Leeds,4,1,England_Premier,22/23,H,,,,,,,1.29,10.3,6.37
2023-04-01,Brighton,Brentford,3,3,England_Premier,22/23,D,1.6957562,0.9277792,1546.3662,1541.9515,0.55469084,0.20506568,1.64,5.59,4.26
2023-04-01,Chelsea,Aston Villa,0,2,England_Premier,22/23,A,1.7129883,0.8696796,1493.5433,1490.4795,0.5733879,0.18889888,1.68,5.84,3.89
2023-04-02,West Ham,Southampton,1,0,England_Premier,22/23,H,1.6717082,0.8813114,1415.0219,1374.1289,0.5605375,0.19709139,1.77,5.09,3.73
2023-04-02,Newcastle,Manchester United,2,0,England_Premier,22/23,H,1.4409658,1.1826942,1605.0251,1601.2583,0.4301317,0.30993244,2.3,3.28,3.47
2023-04-03,Everton,Tottenham,1,1,England_Premier,22/23,D,1.0186801,1.4746758,1396.2335,1555.1681,0.26121467,0.47684506,3.64,2.21,3.4
2023-04-04,Leeds,Nottingham Forest,2,1,England_Premier,22/23,H,1.6013184,0.99611974,1421.1849,1389.2339,0.5147103,0.23539408,1.8,4.79,3.77
2023-04-04,Leicester,Aston Villa,1,2,England_Premier,22/23,A,1.2947146,1.2861888,1432.0248,1508.7134,0.36947882,0.36547107,2.5,2.93,3.5
2023-04-04,Bournemouth,Brighton,0,2,England_Premier,22/23,A,0.7583851,1.8693613,1404.6416,1543.9939,0.14539818,0.63739187,5.79,1.61,4.23
2023-04-04,Chelsea,Liverpool,0,0,England_Premier,22/23,D,1.4230363,1.2602662,1476.3756,1538.3594,0.40851423,0.33337522,2.41,3.01,3.57
2023-04-05,West Ham,Newcastle,1,5,England_Premier,22/23,A,0.9504534,1.4045569,1422.6732,1619.9553,0.2546484,0.4746797,3.69,2.15,3.43
2023-04-05,Manchester United,Brentford,1,0,England_Premier,22/23,H,1.6390101,0.996907,1586.5444,1544.1721,0.5238677,0.22994787,1.66,5.17,4.24
2023-04-08,Manchester United,Everton,2,0,England_Premier,22/23,H,1.796957,0.80251586,1594.3297,1402.0347,0.61000514,0.16309918,1.48,7.4,4.5
2023-04-08,Leicester,Bournemouth,0,1,England_Premier,22/23,A,1.514398,1.156888,1422.7091,1393.7947,0.45485273,0.29019117,2.1,3.76,3.57
2023-04-08,Tottenham,Brighton,2,1,England_Premier,22/23,H,1.3488274,1.4780656,1549.3873,1555.0764,0.34542304,0.40375105,2.78,2.61,3.57
2023-04-08,Wolves,Chelsea,1,0,England_Premier,22/23,H,0.8476546,1.5024034,1403.2346,1477.4104,0.21210843,0.52648425,5.04,1.8,3.7
2023-04-08,Aston Villa,Nottingham Forest,2,0,England_Premier,22/23,H,1.731598,0.91295314,1518.2013,1381.299,0.5669259,0.19673617,1.63,5.72,4.25
2023-04-08,Brentford,Newcastle,1,2,England_Premier,22/23,A,,,,,,,4.02,2.01,3.61
2023-04-08,Fulham,West Ham,0,1,England_Premier,22/23,A,,,,,,,3.03,2.56,3.32
2023-04-08,Southampton,Manchester City,1,4,England_Premier,22/23,A,,,,,,,11.68,1.26,6.59
2023-04-09,Leeds,Crystal Palace,1,5,England_Premier,22/23,A,,,,,,,2.15,3.68,3.45
2023-04-09,Liverpool,Arsenal,2,2,England_Premier,22/23,D,,,,,,,2.73,2.54,3.73
2023-04-15,Aston Villa,Newcastle,3,0,England_Premier,22/23,H,,,,,,,3.77,2.1,3.48
2023-04-15,Chelsea,Brighton,1,2,England_Premier,22/23,A,,,,,,,2.82,2.7,3.37
2023-04-15,Everton,Fulham,1,3,England_Premier,22/23,A,,,,,,,2.2,3.68,3.37
2023-04-15,Southampton,Crystal Palace,0,2,England_Premier,22/23,A,,,,,,,3.0,2.67,3.18
2023-04-15,Wolves,Brentford,2,0,England_Premier,22/23,H,,,,,,,2.87,2.82,3.13
2023-04-15,Tottenham,Bournemouth,2,3,England_Premier,22/23,A,,,,,,,1.53,6.45,4.57
2023-04-15,Manchester City,Leicester,3,1,England_Premier,22/23,H,,,,,,,1.13,21.5,10.5
2023-04-16,West Ham,Arsenal,2,2,England_Premier,22/23,D,,,,,,,5.4,1.64,4.31
2023-04-16,Nottingham Forest,Manchester United,0,2,England_Premier,22/23,A,,,,,,,4.97,1.71,4.12
2023-04-17,Leeds,Liverpool,1,6,England_Premier,22/23,A,,,,,,,4.6,1.71,4.41
2023-04-21,Arsenal,Southampton,3,3,England_Premier,22/23,D,,,,,,,1.22,13.77,7.38
2023-04-22,Fulham,Leeds,2,1,England_Premier,22/23,H,,,,,,,2.5,2.92,3.51
2023-04-22,Leicester,Wolves,2,1,England_Premier,22/23,H,,,,,,,2.29,3.52,3.31
2023-04-22,Liverpool,Nottingham Forest,3,2,England_Premier,22/23,H,,,,,,,1.18,15.26,8.62
2023-04-22,Crystal Palace,Everton,0,0,England_Premier,22/23,D,,,,,,,1.98,4.41,3.44
2023-04-22,Brentford,Aston Villa,1,1,England_Premier,22/23,D,,,,,,,2.67,2.92,3.28
2023-04-23,Bournemouth,West Ham,0,4,England_Premier,22/23,A,,,,,,,3.05,2.54,3.32
2023-04-23,Newcastle,Tottenham,6,1,England_Premier,22/23,H,,,,,,,1.88,4.29,3.85
2023-04-25,Wolves,Crystal Palace,2,0,England_Premier,22/23,H,,,,,,,2.37,3.63,3.08
2023-04-25,Aston Villa,Fulham,1,0,England_Premier,22/23,H,,,,,,,1.77,4.82,3.91
2023-04-25,Leeds,Leicester,1,1,England_Premier,22/23,D,,,,,,,2.51,2.96,3.5
2023-04-26,Nottingham Forest,Brighton,3,1,England_Premier,22/23,H,,,,,,,5.84,1.6,4.35
2023-04-26,Chelsea,Brentford,0,2,England_Premier,22/23,A,,,,,,,1.83,4.33,3.6
2023-04-26,West Ham,Liverpool,1,2,England_Premier,22/23,A,,,,,,,3.84,1.94,4.03
2023-04-26,Manchester City,Arsenal,4,1,England_Premier,22/23,H,,,,,,,1.62,5.25,4.0
2023-04-27,Southampton,Bournemouth,0,1,England_Premier,22/23,A,,,,,,,2.5,2.8,3.25
2023-04-27,Everton,Newcastle,1,4,England_Premier,22/23,A,,,,,,,4.77,1.82,3.75
2023-04-27,Tottenham,Manchester United,2,2,England_Premier,22/23,D,,,,,,,2.74,2.55,3.79
2023-04-29,Crystal Palace,West Ham,4,3,England_Premier,22/23,H,,,,,,,2.72,3.0,3.11
2023-04-29,Brentford,Nottingham Forest,2,1,England_Premier,22/23,H,,,,,,,1.7,5.36,3.97
2023-04-29,Brighton,Wolves,6,0,England_Premier,22/23,H,,,,,,,1.49,7.03,4.69
2023-04-30,Fulham,Manchester City,1,2,England_Premier,22/23,A,,,,,,,11.07,1.28,6.21
2023-04-30,Manchester United,Aston Villa,1,0,England_Premier,22/23,H,,,,,,,1.76,4.45,4.27
2023-04-30,Newcastle,Southampton,3,1,England_Premier,22/23,H,,,,,,,1.28,11.41,6.1
2023-04-30,Bournemouth,Leeds,4,1,England_Premier,22/23,H,,,,,,,2.5,3.03,3.43
2023-04-30,Liverpool,Tottenham,4,3,England_Premier,22/23,H,,,,,,,1.58,5.22,4.86
2023-05-01,Leicester,Everton,2,2,England_Premier,22/23,D,,,,,,,2.01,3.99,3.64
2023-05-02,Arsenal,Chelsea,3,1,England_Premier,22/23,H,,,,,,,1.59,5.85,4.4
2023-05-03,Liverpool,Fulham,1,0,England_Premier,22/23,H,,,,,,,1.31,9.4,6.37
2023-05-03,Manchester City,West Ham,3,0,England_Premier,22/23,H,,,,,,,1.23,13.01,7.0
2023-05-04,Brighton,Manchester United,1,0,England_Premier,22/23,H,,,,,,,2.07,3.48,3.98
2023-05-06,Bournemouth,Chelsea,1,3,England_Premier,22/23,A,,,,,,,3.6,2.14,3.6
2023-05-06,Manchester City,Leeds,2,1,England_Premier,22/23,H,,,,,,,1.15,18.0,9.5
2023-05-06,Tottenham,Crystal Palace,1,0,England_Premier,22/23,H,,,,,,,1.87,4.3,3.91
2023-05-06,Wolves,Aston Villa,1,0,England_Premier,22/23,H,,,,,,,3.1,2.3,3.3
2023-05-06,Liverpool,Brentford,1,0,England_Premier,22/23,H,,,,,,,1.44,6.9,5.33
2023-05-07,Newcastle,Arsenal,0,2,England_Premier,22/23,A,,,,,,,2.32,3.03,3.81
2023-05-07,West Ham,Manchester United,1,0,England_Premier,22/23,H,,,,,,,3.83,2.01,3.8
2023-05-08,Fulham,Leicester,5,3,England_Premier,22/23,H,,,,,,,2.7,2.7,3.56
2023-05-08,Brighton,Everton,1,5,England_Premier,22/23,A,,,,,,,1.36,8.49,5.61
2023-05-08,Nottingham Forest,Southampton,4,3,England_Premier,22/23,H,,,,,,,2.04,4.01,3.58
2023-05-13,Leeds,Newcastle,2,2,England_Premier,22/23,D,0.8566505,1.8836788,1383.9287,1626.5778,0.16528076,0.6156457,5.2,1.64,4.46
2023-05-13,Chelsea,Nottingham Forest,2,2,England_Premier,22/23,D,1.8434232,0.73511815,1455.0658,1391.257,0.63772154,0.1430067,1.52,6.7,4.52
2023-05-13,Crystal Palace,Bournemouth,2,0,England_Premier,22/23,H,1.6394933,0.9728372,1456.6195,1417.3617,0.5298688,0.22395127,1.75,4.79,4.05
2023-05-13,Aston Villa,Tottenham,2,1,England_Premier,22/23,H,1.3654772,1.4389981,1532.9205,1528.8739,0.35715324,0.39046723,2.45,2.94,3.66
2023-05-13,Manchester United,Wolves,2,0,England_Premier,22/23,H,1.935233,0.761309,1584.0294,1441.4554,0.65071505,0.13931656,1.36,7.0,5.0
2023-05-13,Southampton,Fulham,0,2,England_Premier,22/23,A,1.1413051,1.2777416,1343.888,1500.182,0.32977998,0.39568666,2.63,2.55,3.5
2023-05-14,Brentford,West Ham,2,0,England_Premier,22/23,H,1.5085888,1.0947077,1520.769,1453.7325,0.46768624,0.27526847,1.85,4.65,3.69
2023-05-14,Everton,Manchester City,0,3,England_Premier,22/23,A,0.7135882,2.0326576,1410.2517,1738.3171,0.12046561,0.682578,8.26,1.4,5.21
2023-05-14,Arsenal,Brighton,0,3,England_Premier,22/23,A,1.9672471,1.2931508,1694.393,1531.11,0.5310613,0.25021768,1.76,4.36,4.33
2023-05-15,Leicester,Liverpool,0,3,England_Premier,22/23,A,0.93873465,1.9242357,1405.716,1583.4689,0.17847103,0.604229,5.02,1.65,4.51
2023-05-18,Newcastle,Brighton,4,1,England_Premier,22/23,H,1.7624162,1.2605783,1618.1062,1554.0524,0.4919857,0.27415216,1.86,4.15,4.09
2023-05-20,Tottenham,Brentford,1,3,England_Premier,22/23,A,1.6296124,1.1258729,1521.1191,1529.3192,0.49086013,0.26315245,2.0,3.82,3.81
2023-05-20,Bournemouth,Manchester United,0,1,England_Premier,22/23,A,0.7115506,1.9958214,1407.5135,1590.3601,0.123342946,0.67576385,6.38,1.48,5.06
2023-05-20,Fulham,Crystal Palace,2,2,England_Premier,22/23,D,1.3042666,1.1966983,1508.3801,1466.1823,0.39086416,0.3396282,2.38,3.26,3.38
2023-05-20,Liverpool,Aston Villa,1,1,England_Premier,22/23,D,,,,,,,1.52,6.04,4.88
2023-05-20,Wolves,Everton,1,1,England_Premier,22/23,D,1.0341741,1.2856138,1435.4531,1405.7493,0.29859602,0.4220038,3.1,2.25,3.5
2023-05-20,Nottingham Forest,Arsenal,1,0,England_Premier,22/23,H,0.78247297,1.9489342,1395.7191,1667.2792,0.14237891,0.6482433,5.33,1.66,4.2
2023-05-21,West Ham,Leeds,3,1,England_Premier,22/23,H,1.3065788,1.3527534,1444.9226,1391.9039,0.35909685,0.3805182,2.56,2.82,3.61
2023-05-21,Brighton,Southampton,3,1,England_Premier,22/23,H,2.490775,0.70062554,1543.7675,1335.0844,0.76499254,0.0840626,1.22,13.05,7.12
2023-05-21,Manchester City,Chelsea,1,0,England_Premier,22/23,H,2.394117,0.7936902,1743.7487,1450.8563,0.728751,0.105461456,1.32,9.35,6.01
2023-05-22,Newcastle,Leicester,0,0,England_Premier,22/23,D,2.1873012,0.8814002,1628.8466,1396.895,0.6715817,0.13867846,1.33,9.15,5.96
2023-05-24,Brighton,Manchester City,1,1,England_Premier,22/23,D,1.2503294,1.8746401,1547.7891,1741.8405,0.2544107,0.52006465,3.77,1.92,4.14
2023-05-25,Manchester United,Chelsea,4,1,England_Premier,22/23,H,1.731051,0.9880965,1594.3334,1452.2931,0.54825824,0.21460262,1.69,5.12,4.22
2023-05-28,Arsenal,Wolves,5,0,England_Premier,22/23,H,2.5026715,0.7322689,1645.4205,1432.5789,0.7597885,0.08810171,1.3,9.44,6.19
2023-05-28,Aston Villa,Brighton,2,1,England_Premier,22/23,H,1.6411514,1.3365519,1544.3129,1553.8486,0.44647732,0.31254578,1.85,3.96,4.18
2023-05-28,Brentford,Manchester City,1,0,England_Premier,22/23,H,0.9886143,1.6963389,1543.2435,1734.3086,0.21961063,0.5398412,3.41,2.17,3.66
2023-05-28,Chelsea,Newcastle,1,1,England_Premier,22/23,D,1.2211648,1.4067422,1445.217,1618.572,0.3263176,0.41274202,2.91,2.36,3.82
2023-05-28,Crystal Palace,Nottingham Forest,1,1,England_Premier,22/23,D,1.7011596,0.9022627,1469.4735,1414.3433,0.56235915,0.19821884,1.61,5.73,4.25
2023-05-28,Everton,Bournemouth,1,0,England_Premier,22/23,H,1.7454661,0.9049953,1408.7424,1403.7369,0.5721798,0.19305104,1.6,5.67,4.36
2023-05-28,Leeds,Tottenham,1,4,England_Premier,22/23,A,1.3596456,1.6234629,1382.5991,1506.9133,0.32124847,0.43725973,2.8,2.4,3.95
2023-05-28,Leicester,West Ham,2,1,England_Premier,22/23,H,1.5440396,1.2292608,1406.5514,1454.0956,0.4460812,0.3032894,2.11,3.29,3.99
2023-05-28,Manchester United,Fulham,2,1,England_Premier,22/23,H,,,,,,,1.5,6.01,5.01
2023-05-28,Southampton,Liverpool,4,4,England_Premier,22/23,D,,,,,,,6.14,1.49,5.02
2023-08-11,Burnley,Manchester City,0,3,England_Premier,23/24,A,0.65731645,2.0260441,1422.304,1740.455,0.11001341,0.6954753,,,
2023-08-12,Arsenal,Nottingham Forest,2,1,England_Premier,23/24,H,2.5700288,0.6694367,1652.2882,1418.3289,0.7834221,0.07479727,,,
2023-08-12,Bournemouth,West Ham,1,1,England_Premier,23/24,D,,,,,,,,,
2023-08-12,Brighton,Luton,4,1,England_Premier,23/24,H,,,,,,,,,
2023-08-12,Everton,Fulham,0,1,England_Premier,23/24,A,,,,,,,,,
2023-08-12,Sheffield Utd,Crystal Palace,0,1,England_Premier,23/24,A,,,,,,,,,
2023-08-12,Newcastle,Aston Villa,5,1,England_Premier,23/24,H,1.8304075,1.0264909,1612.9651,1552.2323,0.5620666,0.20992415,,,
2023-08-13,Brentford,Tottenham,2,2,England_Premier,23/24,D,1.2536424,1.4634051,1557.996,1517.4015,0.32408166,0.42031386,,,
2023-08-13,Chelsea,Liverpool,1,1,England_Premier,23/24,D,1.2584959,1.4573194,1450.3878,1580.5587,0.3264571,0.41770583,,,
2023-08-14,Manchester United,Wolves,1,0,England_Premier,23/24,H,2.1098876,0.70327926,1605.8553,1426.8838,0.70001125,0.11190434,,,
2023-08-18,Nottingham Forest,Sheffield Utd,2,1,England_Premier,23/24,H,,,,,,,,,
2023-08-19,Fulham,Brentford,0,3,England_Premier,23/24,A,1.1613963,1.2519037,1539.9819,1543.4138,0.3404238,0.38420907,,,
2023-08-19,Liverpool,Bournemouth,3,1,England_Premier,23/24,H,2.5716896,0.6422303,1564.1453,1397.8014,0.7895302,0.07087811,,,
2023-08-19,Wolves,Brighton,1,4,England_Premier,23/24,A,0.8720795,1.7680084,1415.8336,1595.43,0.18251105,0.58569765,,,
2023-08-19,Tottenham,Manchester United,2,0,England_Premier,23/24,H,1.2790831,1.6411686,1532.0621,1616.9694,0.29865393,0.45900157,,,
2023-08-19,Manchester City,Newcastle,1,0,England_Premier,23/24,H,,,,,,,,,
2023-08-20,Aston Villa,Everton,4,0,England_Premier,23/24,H,1.4752746,1.1306344,1496.8793,1377.0115,0.450792,0.29027727,,,
2023-08-20,West Ham,Chelsea,3,1,England_Premier,23/24,H,1.0174122,1.4924681,1442.9811,1466.7023,0.25795767,0.4817944,,,
2023-08-21,Crystal Palace,Arsenal,0,1,England_Premier,23/24,A,0.84152466,1.6991348,1514.0669,1656.1968,0.18395689,0.5772445,,,
2023-08-25,Chelsea,Luton,3,0,England_Premier,23/24,H,,,,,,,,,
2023-08-26,Bournemouth,Tottenham,0,2,England_Premier,23/24,A,0.99662125,1.7159299,1371.9698,1594.9082,0.21875171,0.5425841,,,
2023-08-26,Arsenal,Fulham,2,2,England_Premier,23/24,D,,,,,,,,,
2023-08-26,Brentford,Crystal Palace,1,1,England_Premier,23/24,D,,,,,,,,,
2023-08-26,Everton,Wolves,0,1,England_Premier,23/24,A,,,,,,,,,
2023-08-26,Manchester United,Nottingham Forest,3,2,England_Premier,23/24,H,,,,,,,,,
2023-08-26,Brighton,West Ham,1,3,England_Premier,23/24,A,,,,,,,,,
2023-08-27,Burnley,Aston Villa,1,3,England_Premier,23/24,A,,,,,,,,,
2023-08-27,Sheffield Utd,Manchester City,1,2,England_Premier,23/24,A,,,,,,,,,
2023-08-27,Newcastle,Liverpool,1,2,England_Premier,23/24,A,,,,,,,,,
2023-09-01,Luton,West Ham,1,2,England_Premier,23/24,A,,,,,,,,,
2023-09-02,Sheffield Utd,Everton,2,2,England_Premier,23/24,D,,,,,,,,,
2023-09-02,Manchester City,Fulham,5,1,England_Premier,23/24,H,,,,,,,,,
2023-09-02,Burnley,Tottenham,2,5,England_Premier,23/24,A,,,,,,,,,
2023-09-02,Chelsea,Nottingham Forest,0,1,England_Premier,23/24,A,,,,,,,,,
2023-09-02,Brentford,Bournemouth,2,2,England_Premier,23/24,D,,,,,,,,,
2023-09-02,Brighton,Newcastle,3,1,England_Premier,23/24,H,,,,,,,,,
2023-09-03,Crystal Palace,Wolves,3,2,England_Premier,23/24,H,,,,,,,,,
2023-09-03,Liverpool,Aston Villa,3,0,England_Premier,23/24,H,,,,,,,,,
2023-09-03,Arsenal,Manchester United,3,1,England_Premier,23/24,H,,,,,,,,,
2023-09-16,Wolves,Liverpool,1,3,England_Premier,23/24,A,,,,,,,,,
2023-09-16,Fulham,Luton,1,0,England_Premier,23/24,H,,,,,,,,,
2023-09-16,Manchester United,Brighton,1,3,England_Premier,23/24,A,,,,,,,,,
2023-09-16,Aston Villa,Crystal Palace,3,1,England_Premier,23/24,H,,,,,,,,,
2023-09-16,Tottenham,Sheffield Utd,2,1,England_Premier,23/24,H,,,,,,,,,
2023-09-16,West Ham,Manchester City,1,3,England_Premier,23/24,A,,,,,,,,,
2023-09-16,Newcastle,Brentford,1,0,England_Premier,23/24,H,,,,,,,,,
2023-09-17,Bournemouth,Chelsea,0,0,England_Premier,23/24,D,,,,,,,,,
2023-09-17,Everton,Arsenal,0,1,England_Premier,23/24,A,0.7241125,1.9348347,1307.8612,1678.9568,0.13157538,0.66009295,,,
2023-09-18,Nottingham Forest,Burnley,1,1,England_Premier,23/24,D,1.4034303,1.135761,1490.3806,1329.1285,0.43081522,0.30448535,,,
2023-09-23,Crystal Palace,Fulham,0,0,England_Premier,23/24,D,1.4449806,1.013793,1491.6669,1491.7354,0.4701917,0.26487368,,,
2023-09-23,Luton,Wolves,1,1,England_Premier,23/24,D,,,,,,,,,
2023-09-23,Manchester City,Nottingham Forest,2,0,England_Premier,23/24,H,2.6099017,0.63732064,1819.0112,1444.7662,0.795847,0.068179525,,,
2023-09-23,Brentford,Everton,1,3,England_Premier,23/24,A,1.5915545,1.0374935,1529.142,1311.0548,0.5022777,0.2472474,,,
2023-09-23,Burnley,Manchester United,0,1,England_Premier,23/24,A,,,,,,,,,
2023-09-24,Chelsea,Aston Villa,0,1,England_Premier,23/24,A,,,,,,,,,
2023-09-24,Liverpool,West Ham,3,1,England_Premier,23/24,H,,,,,,,,,
2023-09-24,Brighton,Bournemouth,3,1,England_Premier,23/24,H,,,,,,,,,
2023-09-24,Arsenal,Tottenham,2,2,England_Premier,23/24,D,2.0562057,1.1928663,1675.2218,1635.1033,0.5727171,0.21630496,,,
2023-09-24,Sheffield Utd,Newcastle,0,8,England_Premier,23/24,A,,,1320.7006,1576.7661,,,,,
2023-09-30,Aston Villa,Brighton,6,1,England_Premier,23/24,H,1.4478196,1.6064326,1584.017,1651.4796,0.34556708,0.41470426,,,
2023-09-30,Everton,Luton,1,2,England_Premier,23/24,A,,,1378.696,1280.5977,,,,,
2023-09-30,Manchester United,Crystal Palace,0,1,England_Premier,23/24,A,1.7562304,0.9061556,1512.2015,1487.1349,0.5744111,0.19193216,,,
2023-09-30,Newcastle,Burnley,2,0,England_Premier,23/24,H,,,1597.6185,1304.1042,,,,,
2023-09-30,Bournemouth,Arsenal,0,4,England_Premier,23/24,A,0.69618344,1.9511118,1370.4176,1665.2369,0.124280535,0.67059773,,,
2023-09-30,West Ham,Sheffield Utd,2,0,England_Premier,23/24,H,,,1534.869,1285.7761,,,,,
2023-09-30,Wolves,Manchester City,2,1,England_Premier,23/24,H,,,,,,,,,
2023-09-30,Tottenham,Liverpool,2,1,England_Premier,23/24,H,,,,,,,,,
2023-10-01,Nottingham Forest,Brentford,1,1,England_Premier,23/24,D,1.1672617,1.3099598,1441.2244,1464.152,0.3305614,0.398785,,,
2023-10-02,Fulham,Chelsea,0,2,England_Premier,23/24,A,1.1004794,1.4098893,1496.5735,1397.744,0.2939631,0.4405624,,,
2023-10-03,Luton,Burnley,1,2,England_Premier,23/24,A,,,1343.1982,1293.2701,,,,,
2023-10-07,Luton,Tottenham,0,1,England_Premier,23/24,A,,,1297.1686,1674.1687,,,,,
2023-10-07,Manchester United,Brentford,2,1,England_Premier,23/24,H,1.6992207,1.0445586,1480.1073,1465.9606,0.5270047,0.23264612,,,
2023-10-07,Burnley,Chelsea,1,4,England_Premier,23/24,A,,,1343.7772,1445.2296,,,,,
2023-10-07,Everton,Bournemouth,3,0,England_Premier,23/24,H,1.4613996,1.0257652,1339.2224,1353.4197,0.47166744,0.26528302,,,
2023-10-07,Fulham,Sheffield Utd,3,1,England_Premier,23/24,H,,,1445.1512,1271.4551,,,,,
2023-10-07,Crystal Palace,Nottingham Forest,0,0,England_Premier,23/24,D,1.3155624,1.1188518,1519.005,1439.2084,0.4110111,0.3163312,,,
2023-10-08,West Ham,Newcastle,2,2,England_Premier,23/24,D,,,,,,,,,
2023-10-08,Wolves,Aston Villa,1,1,England_Premier,23/24,D,0.99417937,1.5928062,1434.686,1625.9662,0.23619895,0.5130517,,,
2023-10-08,Brighton,Liverpool,2,2,England_Premier,23/24,D,1.4253476,1.8362869,1607.4573,1682.6106,0.30008894,0.473073,,,
2023-10-08,Arsenal,Manchester City,1,0,England_Premier,23/24,H,1.4052143,1.6314809,1682.9397,1746.1996,0.3307717,0.4295537,,,
2023-10-21,Liverpool,Everton,2,0,England_Premier,23/24,H,2.1960235,0.9051206,1679.1432,1373.2651,0.6676369,0.14234312,,,
2023-10-21,Manchester City,Brighton,2,1,England_Premier,23/24,H,2.39562,1.0938334,1713.4634,1610.9912,0.66157496,0.15751846,,,
2023-10-21,Newcastle,Crystal Palace,4,0,England_Premier,23/24,H,1.903968,0.8183572,1602.6082,1507.7654,0.62965715,0.15470712,,,
2023-10-21,Nottingham Forest,Luton,2,2,England_Premier,23/24,D,,,,,,,,,
2023-10-21,Brentford,Burnley,3,0,England_Premier,23/24,H,,,,,,,,,
2023-10-21,Bournemouth,Wolves,1,2,England_Premier,23/24,A,,,,,,,,,
2023-10-21,Chelsea,Arsenal,2,2,England_Premier,23/24,D,,,,,,,,,
2023-10-21,Sheffield Utd,Manchester United,1,2,England_Premier,23/24,A,,,,,,,,,
2023-10-22,Aston Villa,West Ham,4,1,England_Premier,23/24,H,,,,,,,,,
2023-10-23,Tottenham,Fulham,2,0,England_Premier,23/24,H,,,,,,,,,
2023-10-27,Crystal Palace,Tottenham,1,2,England_Premier,23/24,A,,,,,,,,,
2023-10-28,Chelsea,Brentford,0,2,England_Premier,23/24,A,,,,,,,,,
2023-10-28,Bournemouth,Burnley,2,1,England_Premier,23/24,H,,,,,,,,,
2023-10-28,Arsenal,Sheffield Utd,5,0,England_Premier,23/24,H,,,,,,,,,
2023-10-28,Wolves,Newcastle,2,2,England_Premier,23/24,D,,,,,,,,,
2023-10-29,West Ham,Everton,0,1,England_Premier,23/24,A,,,,,,,,,
2023-10-29,Liverpool,Nottingham Forest,3,0,England_Premier,23/24,H,,,,,,,,,
2023-10-29,Aston Villa,Luton,3,1,England_Premier,23/24,H,,,,,,,,,
2023-10-29,Brighton,Fulham,1,1,England_Premier,23/24,D,,,,,,,,,
2023-10-29,Manchester United,Manchester City,0,3,England_Premier,23/24,A,,,,,,,,,
2023-11-04,Fulham,Manchester United,0,1,England_Premier,23/24,A,,,,,,,,,
2023-11-04,Brentford,West Ham,3,2,England_Premier,23/24,H,,,,,,,,,
2023-11-04,Burnley,Crystal Palace,0,2,England_Premier,23/24,A,,,,,,,,,
2023-11-04,Everton,Brighton,1,1,England_Premier,23/24,D,,,,,,,,,
2023-11-04,Manchester City,Bournemouth,6,1,England_Premier,23/24,H,,,,,,,,,
2023-11-04,Sheffield Utd,Wolves,2,1,England_Premier,23/24,H,,,,,,,,,
2023-11-04,Newcastle,Arsenal,1,0,England_Premier,23/24,H,1.2486198,1.5820646,1614.6901,1697.0306,0.30142897,0.45125747,,,
2023-11-05,Nottingham Forest,Aston Villa,2,0,England_Premier,23/24,H,0.967345,1.6397662,1423.9843,1639.2313,0.2225596,0.5312848,,,
2023-11-05,Luton,Liverpool,1,1,England_Premier,23/24,D,,,1318.3242,1694.1204,,,,,
2023-11-06,Tottenham,Chelsea,1,4,England_Premier,23/24,A,1.5265121,1.2870271,1689.9996,1456.5492,0.42903358,0.32090047,,,
2023-11-11,Wolves,Tottenham,2,1,England_Premier,23/24,H,1.0093315,1.6662458,1440.39,1636.1619,0.22897433,0.5275183,,,
2023-11-11,Crystal Palace,Everton,2,3,England_Premier,23/24,A,1.2028636,1.1928618,1491.1398,1419.1595,0.36397293,0.35911736,,,
2023-11-11,Manchester United,Luton,1,0,England_Premier,23/24,H,,,,,,,,,
2023-11-11,Arsenal,Burnley,3,1,England_Premier,23/24,H,,,,,,,,,
2023-11-11,Bournemouth,Newcastle,2,0,England_Premier,23/24,H,,,,,,,,,
2023-11-12,Aston Villa,Fulham,3,1,England_Premier,23/24,H,,,,,,,,,
2023-11-12,Brighton,Sheffield Utd,1,1,England_Premier,23/24,D,2.4482408,0.74833477,1574.794,1290.526,0.74776953,0.094219826,,,
2023-11-12,West Ham,Nottingham Forest,3,2,England_Premier,23/24,H,1.5725453,1.0686332,1469.6239,1468.3898,0.49008712,0.25808212,,,
2023-11-12,Liverpool,Brentford,3,0,England_Premier,23/24,H,2.1409404,0.9435458,1670.876,1513.0919,0.6479141,0.15531753,,,
2023-11-12,Chelsea,Manchester City,4,4,England_Premier,23/24,D,1.041786,1.7271329,1504.4755,1750.2416,0.22790831,0.53434193,,,
2023-11-25,Manchester City,Liverpool,1,1,England_Premier,23/24,D,2.0074036,1.2807214,1731.537,1685.2974,0.54254776,0.24173588,,,
2023-11-25,Newcastle,Chelsea,4,1,England_Premier,23/24,H,1.3052982,1.467147,1592.8525,1518.9158,0.33652446,0.41017252,,,
2023-11-25,Nottingham Forest,Brighton,2,3,England_Premier,23/24,A,1.1027778,1.6273981,1452.0288,1554.2965,0.2578196,0.49570858,,,
2023-11-25,Sheffield Utd,Bournemouth,1,3,England_Premier,23/24,A,1.1201378,1.474116,1322.1676,1363.2432,0.28775996,0.4528989,,,
2023-11-25,Burnley,West Ham,1,2,England_Premier,23/24,A,,,,,,,,,
2023-11-25,Luton,Crystal Palace,2,1,England_Premier,23/24,H,,,,,,,,,
2023-11-25,Brentford,Arsenal,0,1,England_Premier,23/24,A,0.8165028,1.8522906,1499.9445,1671.6554,0.15998039,0.61883897,,,
2023-11-26,Tottenham,Aston Villa,1,2,England_Premier,23/24,A,1.5097481,1.4614569,1603.3392,1609.8785,0.388533,0.36720335,,,
2023-11-26,Everton,Manchester United,0,3,England_Premier,23/24,A,1.1710175,1.3173198,1447.676,1511.459,0.3301453,0.3999536,,,
2023-11-27,Fulham,Wolves,3,2,England_Premier,23/24,H,1.3249109,1.1833874,1431.7863,1471.6729,0.39930052,0.33200148,,,
2023-12-02,Arsenal,Wolves,2,1,England_Premier,23/24,H,2.331522,0.749081,1680.8021,1453.7211,0.7285338,0.102696106,,,
2023-12-02,Brentford,Luton,3,1,England_Premier,23/24,H,1.8162845,0.94760025,1492.1299,1375.3395,0.5780122,0.19378369,,,
2023-12-02,Burnley,Sheffield Utd,5,0,England_Premier,23/24,H,1.5179737,1.0945063,1237.7274,1287.6814,0.4701417,0.27363372,,,
2023-12-02,Nottingham Forest,Everton,0,1,England_Premier,23/24,A,1.1195219,1.3695742,1438.4248,1422.305,0.3063824,0.4254656,,,
2023-12-02,Newcastle,Manchester United,1,0,England_Premier,23/24,H,1.7628778,1.2298648,1610.9407,1535.4755,0.49899584,0.26689216,,,
2023-12-03,West Ham,Crystal Palace,1,1,England_Premier,23/24,D,,,,,,,,,
2023-12-03,Chelsea,Brighton,3,2,England_Premier,23/24,H,1.7507998,1.1411027,1501.1101,1567.3811,0.5164957,0.24791041,,,
2023-12-03,Liverpool,Fulham,4,3,England_Premier,23/24,H,2.3379047,0.7957169,1691.9653,1449.8564,0.71881974,0.110131636,,,
2023-12-03,Bournemouth,Aston Villa,2,2,England_Premier,23/24,D,1.0339869,1.6586224,1388.2733,1629.9104,0.23611753,0.51970714,,,
2023-12-03,Manchester City,Tottenham,3,3,England_Premier,23/24,D,2.5917177,0.9439951,1723.7472,1581.893,0.72753066,0.114584856,,,
2023-12-05,Wolves,Burnley,1,0,England_Premier,23/24,H,1.5239958,1.0961388,1453.4263,1271.3108,0.47130212,0.27303976,,,
2023-12-05,Luton,Arsenal,3,4,England_Premier,23/24,A,0.6032989,2.2245345,1359.5773,1681.0546,0.08555406,0.7449819,,,
2023-12-06,Sheffield Utd,Liverpool,0,2,England_Premier,23/24,A,0.5581974,2.4233413,1250.8365,1691.5066,0.06675515,0.7869303,,,
2023-12-06,Crystal Palace,Bournemouth,0,2,England_Premier,23/24,A,,,,,,,,,
2023-12-06,Fulham,Nottingham Forest,5,0,England_Premier,23/24,H,,,,,,,,,
2023-12-06,Brighton,Brentford,2,1,England_Premier,23/24,H,,,,,,,,,
2023-12-06,Aston Villa,Manchester City,1,0,England_Premier,23/24,H,,,,,,,,,
2023-12-06,Manchester United,Chelsea,2,1,England_Premier,23/24,H,,,,,,,,,
2023-12-07,Everton,Newcastle,3,0,England_Premier,23/24,H,,,,,,,,,
2023-12-07,Tottenham,West Ham,1,2,England_Premier,23/24,A,,,,,,,,,
2023-12-09,Crystal Palace,Liverpool,1,2,England_Premier,23/24,A,,,,,,,,,
2023-12-09,Manchester United,Bournemouth,0,3,England_Premier,23/24,A,,,,,,,,,
2023-12-09,Sheffield Utd,Brentford,1,0,England_Premier,23/24,H,,,,,,,,,
2023-12-09,Wolves,Nottingham Forest,1,1,England_Premier,23/24,D,,,,,,,,,
2023-12-09,Brighton,Burnley,1,1,England_Premier,23/24,D,,,,,,,,,
2023-12-09,Aston Villa,Arsenal,1,0,England_Premier,23/24,H,,,,,,,,,
2023-12-10,Everton,Chelsea,2,0,England_Premier,23/24,H,,,,,,,,,
2023-12-10,Fulham,West Ham,5,0,England_Premier,23/24,H,,,,,,,,,
2023-12-10,Luton,Manchester City,1,2,England_Premier,23/24,A,,,,,,,,,
2023-12-10,Tottenham,Newcastle,4,1,England_Premier,23/24,H,,,,,,,,,
2023-12-15,Nottingham Forest,Tottenham,0,2,England_Premier,23/24,A,,,,,,,,,
2023-12-16,Manchester City,Crystal Palace,2,2,England_Premier,23/24,D,,,,,,,,,
2023-12-16,Newcastle,Fulham,3,0,England_Premier,23/24,H,,,,,,,,,
2023-12-16,Chelsea,Sheffield Utd,2,0,England_Premier,23/24,H,,,,,,,,,
2023-12-16,Burnley,Everton,0,2,England_Premier,23/24,A,,,,,,,,,
2023-12-17,West Ham,Wolves,3,0,England_Premier,23/24,H,,,,,,,,,
2023-12-17,Arsenal,Brighton,2,0,England_Premier,23/24,H,2.0544896,1.1168802,1662.8977,1541.327,0.58975506,0.2005402,,,
2023-12-17,Brentford,Aston Villa,1,2,England_Premier,23/24,A,1.193573,1.5060195,1467.4459,1651.2574,0.3010094,0.44443542,,,
2023-12-17,Liverpool,Manchester United,0,0,England_Premier,23/24,D,2.2801445,0.91225934,1695.284,1508.1705,0.68164355,0.13569908,,,
2023-12-21,Crystal Palace,Brighton,1,1,England_Premier,23/24,D,1.1173497,1.4958864,1435.6779,1530.7598,0.28326315,0.45916754,,,
2023-12-22,Aston Villa,Sheffield Utd,1,1,England_Premier,23/24,D,2.3142734,0.7250004,1657.104,1277.9766,0.7312306,0.09990552,,,
2023-12-23,West Ham,Manchester United,2,0,England_Premier,23/24,H,1.460903,1.3339704,1501.6696,1520.6953,0.4025419,0.34496364,,,
2023-12-23,Fulham,Burnley,0,2,England_Premier,23/24,A,,,,,,,,,
2023-12-23,Luton,Newcastle,1,0,England_Premier,23/24,H,,,,,,,,,
2023-12-23,Nottingham Forest,Bournemouth,2,3,England_Premier,23/24,A,,,,,,,,,
2023-12-23,Tottenham,Everton,2,1,England_Premier,23/24,H,,,,,,,,,
2023-12-23,Liverpool,Arsenal,1,1,England_Premier,23/24,D,1.4945034,1.4873562,1680.8071,1674.6388,0.3796557,0.37650362,,,
2023-12-24,Wolves,Chelsea,2,1,England_Premier,23/24,H,1.0601485,1.6195636,1431.375,1494.0321,0.24852039,0.5038433,,,
2023-12-26,Newcastle,Nottingham Forest,1,3,England_Premier,23/24,A,2.041429,0.87553394,1556.7521,1379.3827,0.64431053,0.15208493,,,
2023-12-26,Sheffield Utd,Luton,2,3,England_Premier,23/24,A,1.1919023,1.2975209,1303.7826,1393.4033,0.3396669,0.390076,,,
2023-12-26,Bournemouth,Fulham,3,0,England_Premier,23/24,H,1.4484422,1.2396055,1478.9664,1447.166,0.419529,0.3232679,,,
2023-12-26,Burnley,Liverpool,0,2,England_Premier,23/24,A,0.69542646,2.0988412,1318.7045,1677.7185,0.11133263,0.69987214,,,
2023-12-26,Manchester United,Aston Villa,3,2,England_Premier,23/24,H,1.4152027,1.3349763,1503.1884,1638.7968,0.39073083,0.35406458,,,
2023-12-27,Chelsea,Crystal Palace,2,1,England_Premier,23/24,H,1.6576667,0.91967785,1479.0397,1439.0035,0.54748446,0.20833363,,,
2023-12-27,Brentford,Wolves,1,4,England_Premier,23/24,A,,,,,,,,,
2023-12-27,Everton,Manchester City,1,3,England_Premier,23/24,A,,,,,,,,,
2023-12-28,Brighton,Tottenham,4,2,England_Premier,23/24,H,1.558534,1.5602437,1527.3484,1607.7576,0.38078165,0.38152063,,,
2023-12-28,Arsenal,West Ham,0,2,England_Premier,23/24,A,2.3776073,0.812183,1677.7657,1519.2312,0.7217774,0.109817974,,,
2023-12-30,Luton,Chelsea,2,3,England_Premier,23/24,A,0.8110573,1.9320557,1407.1477,1487.6306,0.15014812,0.6375013,,,
2023-12-30,Manchester City,Sheffield Utd,2,0,England_Premier,23/24,H,2.945842,0.620378,1680.3766,1289.3881,0.84022427,0.050882306,,,
2023-12-30,Wolves,Everton,3,0,England_Premier,23/24,H,1.1708624,1.3598989,1470.9537,1489.7251,0.32192564,0.41141105,,,
2023-12-30,Aston Villa,Burnley,3,2,England_Premier,23/24,H,2.0743058,0.9312823,1619.332,1314.3885,0.6375294,0.15992248,,,
2023-12-30,Crystal Palace,Brentford,3,1,England_Premier,23/24,H,1.3363237,1.1519268,1430.2457,1437.5947,0.40927684,0.3213386,,,
2023-12-30,Nottingham Forest,Manchester United,2,1,England_Premier,23/24,H,1.073741,1.5887127,1410.0936,1521.728,0.25677255,0.49293777,,,
2023-12-31,Tottenham,Bournemouth,3,1,England_Premier,23/24,H,1.9735317,1.2116301,1586.2284,1496.2993,0.5507346,0.23152728,,,
2023-12-31,Fulham,Arsenal,2,1,England_Premier,23/24,H,,,,,,,,,
2024-01-01,Liverpool,Newcastle,4,2,England_Premier,23/24,H,2.1044276,0.98042727,1681.562,1526.694,0.6319259,0.16657369,,,
2024-01-02,West Ham,Brighton,0,0,England_Premier,23/24,D,1.2466766,1.5232693,1547.8981,1548.3618,0.31136614,0.43701854,,,
2024-01-12,Burnley,Luton,1,1,England_Premier,23/24,D,1.4495151,1.1854059,1317.336,1393.4327,0.4317465,0.30907547,,,
2024-01-13,Chelsea,Fulham,1,0,England_Premier,23/24,H,1.7933613,0.9016212,1497.9187,1453.4752,0.58414465,0.1861634,,,
2024-01-13,Newcastle,Manchester City,2,3,England_Premier,23/24,A,0.99583673,1.8114754,1518.9543,1681.3455,0.20545052,0.56513524,,,
2024-01-14,Everton,Aston Villa,0,0,England_Premier,23/24,D,1.1733189,1.367902,1471.3567,1617.0638,0.3210623,0.4130003,,,
2024-01-14,Manchester United,Tottenham,2,2,England_Premier,23/24,D,1.6138183,1.2843721,1505.1503,1597.249,0.45118695,0.30467197,,,
2024-01-20,Arsenal,Crystal Palace,5,0,England_Premier,23/24,H,,,,,,,,,
2024-01-20,Brentford,Nottingham Forest,3,2,England_Premier,23/24,H,,,,,,,,,
2024-01-21,Sheffield Utd,West Ham,2,2,England_Premier,23/24,D,,,,,,,,,
2024-01-21,Bournemouth,Liverpool,0,4,England_Premier,23/24,A,,,,,,,,,
2024-01-22,Brighton,Wolves,0,0,England_Premier,23/24,D,,,,,,,,,
2024-01-30,Nottingham Forest,Arsenal,1,2,England_Premier,23/24,A,,,,,,,,,
2024-01-30,Fulham,Everton,0,0,England_Premier,23/24,D,,,,,,,,,
2024-01-30,Luton,Brighton,4,0,England_Premier,23/24,H,,,,,,,,,
2024-01-30,Crystal Palace,Sheffield Utd,3,2,England_Premier,23/24,H,,,,,,,,,
2024-01-30,Aston Villa,Newcastle,1,3,England_Premier,23/24,A,,,,,,,,,
2024-01-31,Tottenham,Brentford,3,2,England_Premier,23/24,H,,,,,,,,,
2024-01-31,Manchester City,Burnley,3,1,England_Premier,23/24,H,,,,,,,,,
2024-01-31,Liverpool,Chelsea,4,1,England_Premier,23/24,H,,,,,,,,,
2024-02-01,West Ham,Bournemouth,1,1,England_Premier,23/24,D,,,,,,,,,
2024-02-01,Wolves,Manchester United,3,4,England_Premier,23/24,A,,,,,,,,,
2024-02-03,Everton,Tottenham,2,2,England_Premier,23/24,D,,,,,,,,,
2024-02-03,Brighton,Crystal Palace,4,1,England_Premier,23/24,H,,,,,,,,,
2024-02-03,Burnley,Fulham,2,2,England_Premier,23/24,D,,,,,,,,,
2024-02-03,Newcastle,Luton,4,4,England_Premier,23/24,D,,,,,,,,,
2024-02-03,Sheffield Utd,Aston Villa,0,5,England_Premier,23/24,A,,,,,,,,,
2024-02-04,Chelsea,Wolves,2,4,England_Premier,23/24,A,,,,,,,,,
2024-02-04,Manchester United,West Ham,3,0,England_Premier,23/24,H,,,,,,,,,
2024-02-04,Bournemouth,Nottingham Forest,1,1,England_Premier,23/24,D,,,,,,,,,
2024-02-04,Arsenal,Liverpool,3,1,England_Premier,23/24,H,,,,,,,,,
2024-02-05,Brentford,Manchester City,1,3,England_Premier,23/24,A,0.67978317,2.1644967,1429.7819,1690.2706,0.10322838,0.71585786,,,
2024-02-10,Manchester City,Everton,2,0,England_Premier,23/24,H,2.3615515,0.68439513,1697.8456,1481.4615,0.7484807,0.08988244,,,
2024-02-10,Fulham,Bournemouth,3,1,England_Premier,23/24,H,1.4178169,1.2470697,1440.4508,1473.0941,0.4100056,0.3309547,,,
2024-02-10,Liverpool,Burnley,3,1,England_Premier,23/24,H,2.6364934,0.63932383,1690.6317,1324.0554,0.799011,0.06707938,,,
2024-02-10,Luton,Sheffield Utd,1,3,England_Premier,23/24,A,1.6692778,1.084364,1430.8141,1288.3834,0.51029307,0.24677077,,,
2024-02-10,Wolves,Brentford,0,2,England_Premier,23/24,A,1.4303533,1.2114725,1500.3005,1423.6694,0.42100772,0.31936648,,,
2024-02-10,Tottenham,Brighton,2,1,England_Premier,23/24,H,,,,,,,,,
2024-02-10,Nottingham Forest,Newcastle,2,3,England_Premier,23/24,A,,,,,,,,,
2024-02-11,West Ham,Arsenal,0,6,England_Premier,23/24,A,,,,,,,,,
2024-02-11,Aston Villa,Manchester United,1,2,England_Premier,23/24,A,,,,,,,,,
2024-02-12,Crystal Palace,Chelsea,1,3,England_Premier,23/24,A,0.84491086,1.7184703,1428.701,1479.9293,0.18232794,0.58097756,,,
2024-02-17,Brentford,Liverpool,1,4,England_Premier,23/24,A,0.8993454,1.9185544,1445.5621,1691.7861,0.17058815,0.6126515,,,
2024-02-17,Burnley,Arsenal,0,5,England_Premier,23/24,A,0.63402116,2.1797695,1322.7848,1668.6965,0.093925126,0.72976977,,,
2024-02-17,Fulham,Aston Villa,1,2,England_Premier,23/24,A,1.228747,1.4801099,1455.8453,1577.1785,0.31464317,0.43002126,,,
2024-02-17,Newcastle,Bournemouth,2,2,England_Premier,23/24,D,1.7759049,1.1807954,1537.1836,1457.0226,0.513215,0.25340044,,,
2024-02-17,Nottingham Forest,West Ham,2,0,England_Premier,23/24,H,1.319545,1.2180902,1410.4326,1501.0525,0.39037544,0.34235287,,,
2024-02-17,Tottenham,Wolves,1,2,England_Premier,23/24,A,1.9803115,1.0077976,1599.2664,1479.0728,0.59965515,0.18661231,,,
2024-02-17,Manchester City,Chelsea,1,1,England_Premier,23/24,D,2.3826025,0.90596867,1703.6675,1494.6482,0.7013136,0.12543435,,,
2024-02-18,Sheffield Utd,Brighton,0,5,England_Premier,23/24,A,,,,,,,,,
2024-02-18,Luton,Manchester United,1,2,England_Premier,23/24,A,,,,,,,,,
2024-02-19,Everton,Crystal Palace,1,1,England_Premier,23/24,D,1.4868599,0.8736198,1476.8485,1413.6553,0.5157932,0.22119734,,,
2024-02-20,Manchester City,Brentford,1,0,England_Premier,23/24,H,2.58986,0.6767056,1690.1051,1437.7186,0.78465706,0.074709535,,,
2024-02-21,Liverpool,Luton,4,1,England_Premier,23/24,H,2.4325268,0.80115044,1700.5033,1394.8518,0.7333731,0.10381485,,,
2024-02-24,Manchester United,Fulham,1,2,England_Premier,23/24,A,1.8090647,0.9772204,1557.957,1448.6017,0.56910944,0.20149933,,,
2024-02-24,Aston Villa,Nottingham Forest,4,2,England_Premier,23/24,H,1.8951526,1.0176232,1584.6963,1428.2399,0.5787581,0.19940159,,,
2024-02-24,Brighton,Everton,1,1,England_Premier,23/24,D,1.7138977,1.0852642,1535.7273,1471.8887,0.520831,0.24022084,,,
2024-02-24,Crystal Palace,Burnley,3,0,England_Premier,23/24,H,1.4531298,1.0623198,1418.563,1315.8422,0.46084613,0.2762971,,,
2024-02-24,Bournemouth,Manchester City,0,1,England_Premier,23/24,A,0.7471267,1.9879025,1462.986,1689.215,0.13126911,0.6651866,,,
2024-02-24,Arsenal,Newcastle,4,1,England_Premier,23/24,H,2.2445593,0.92447877,1674.6332,1531.4471,0.67224115,0.14130573,,,
2024-02-25,Wolves,Sheffield Utd,1,0,England_Premier,23/24,H,,,,,,,,,
2024-02-26,West Ham,Brentford,4,2,England_Premier,23/24,H,1.3235962,1.2961494,1483.5989,1438.3802,0.3750478,0.36223,,,
2024-03-02,Brentford,Chelsea,2,2,England_Premier,23/24,D,1.1985337,1.6349617,1427.356,1504.9633,0.28009626,0.47548723,,,
2024-03-02,Everton,West Ham,1,3,England_Premier,23/24,A,1.4010501,1.0620122,1476.7437,1494.2635,0.44710466,0.28528282,,,
2024-03-02,Fulham,Brighton,3,0,England_Premier,23/24,H,1.2692703,1.4241679,1466.3771,1530.874,0.33548164,0.40687573,,,
2024-03-02,Tottenham,Crystal Palace,3,1,England_Premier,23/24,H,1.8934947,0.9180083,1580.261,1428.3177,0.60258704,0.17760314,,,
2024-03-02,Newcastle,Wolves,3,0,England_Premier,23/24,H,1.8669969,1.0817649,1523.0911,1498.7668,0.55719715,0.21748456,,,
2024-03-02,Nottingham Forest,Liverpool,0,1,England_Premier,23/24,A,0.80532706,1.9632053,1421.8895,1704.6129,0.1457048,0.6454954,,,
2024-03-02,Luton,Aston Villa,2,3,England_Premier,23/24,A,,,,,,,,,
2024-03-03,Burnley,Bournemouth,0,2,England_Premier,23/24,A,,,,,,,,,
2024-03-03,Manchester City,Manchester United,3,1,England_Premier,23/24,H,,,,,,,,,
2024-03-04,Sheffield Utd,Arsenal,0,6,England_Premier,23/24,A,,,,,,,,,
2024-03-09,Manchester United,Everton,2,0,England_Premier,23/24,H,,,,,,,,,
2024-03-09,Wolves,Fulham,2,1,England_Premier,23/24,H,,,,,,,,,
2024-03-09,Crystal Palace,Luton,1,1,England_Premier,23/24,D,,,,,,,,,
2024-03-09,Bournemouth,Sheffield Utd,2,2,England_Premier,23/24,D,,,,,,,,,
2024-03-09,Arsenal,Brentford,2,1,England_Premier,23/24,H,,,,,,,,,
2024-03-10,Aston Villa,Tottenham,0,4,England_Premier,23/24,A,,,,,,,,,
2024-03-10,Brighton,Nottingham Forest,1,0,England_Premier,23/24,H,,,,,,,,,
2024-03-10,West Ham,Burnley,2,2,England_Premier,23/24,D,,,,,,,,,
2024-03-10,Liverpool,Manchester City,1,1,England_Premier,23/24,D,,,,,,,,,
2024-03-11,Chelsea,Newcastle,3,2,England_Premier,23/24,H,,,,,,,,,
2024-03-13,Bournemouth,Luton,4,3,England_Premier,23/24,H,,,,,,,,,
2024-03-16,Burnley,Brentford,2,1,England_Premier,23/24,H,,,,,,,,,
2024-03-16,Luton,Nottingham Forest,1,1,England_Premier,23/24,D,,,,,,,,,
2024-03-16,Fulham,Tottenham,3,0,England_Premier,23/24,H,,,,,,,,,
2024-03-17,West Ham,Aston Villa,1,1,England_Premier,23/24,D,,,,,,,,,
2024-03-30,Newcastle,West Ham,4,3,England_Premier,23/24,H,,,,,,,,,
2024-03-30,Nottingham Forest,Crystal Palace,1,1,England_Premier,23/24,D,,,,,,,,,
2024-03-30,Sheffield Utd,Fulham,3,3,England_Premier,23/24,D,,,,,,,,,
2024-03-30,Tottenham,Luton,2,1,England_Premier,23/24,H,,,,,,,,,
2024-03-30,Bournemouth,Everton,2,1,England_Premier,23/24,H,1.4168605,1.2291952,1466.4229,1452.1185,0.41362938,0.326498,,,
2024-03-30,Chelsea,Burnley,2,2,England_Premier,23/24,D,2.3016617,0.71693134,1513.2637,1321.7058,0.73098594,0.099462636,,,
2024-03-30,Aston Villa,Wolves,2,0,England_Premier,23/24,H,1.8577368,1.0101446,1574.3325,1494.1864,0.57219225,0.20258917,,,
2024-03-30,Brentford,Manchester United,1,1,England_Premier,23/24,D,1.2491893,1.6189489,1415.8866,1543.6362,0.2951867,0.46020338,,,
2024-03-31,Liverpool,Brighton,2,1,England_Premier,23/24,H,2.3339534,0.90141225,1703.0972,1518.3851,0.69382405,0.1288788,,,
2024-03-31,Manchester City,Arsenal,0,0,England_Premier,23/24,D,1.6669477,1.3985025,1702.7767,1687.8132,0.43943295,0.3228235,,,
2024-04-02,Nottingham Forest,Fulham,3,1,England_Premier,23/24,H,,,,,,,,,
2024-04-02,Newcastle,Everton,1,1,England_Premier,23/24,D,,,,,,,,,
2024-04-02,Bournemouth,Crystal Palace,1,0,England_Premier,23/24,H,,,,,,,,,
2024-04-02,Burnley,Wolves,1,1,England_Premier,23/24,D,,,,,,,,,
2024-04-02,West Ham,Tottenham,1,1,England_Premier,23/24,D,1.1041476,1.8286942,1494.1793,1586.6859,0.22790408,0.54322654,,,
2024-04-03,Arsenal,Luton,2,0,England_Premier,23/24,H,2.7833798,0.6686759,1690.5493,1382.9442,0.8119475,0.06358834,,,
2024-04-03,Brentford,Brighton,0,0,England_Premier,23/24,D,1.3677225,1.4528513,1419.741,1517.1478,0.35502145,0.39349473,,,
2024-04-03,Manchester City,Aston Villa,4,1,England_Premier,23/24,H,2.218622,0.8526385,1699.8767,1583.0837,0.68425757,0.13036866,,,
2024-04-04,Liverpool,Sheffield Utd,3,1,England_Premier,23/24,H,2.9299502,0.6296283,1704.489,1319.5155,0.8367483,0.05253071,,,
2024-04-04,Chelsea,Manchester United,4,3,England_Premier,23/24,H,1.7640697,1.1160601,1504.1016,1539.8663,0.5254581,0.2400356,,,
2024-04-06,Crystal Palace,Manchester City,2,4,England_Premier,23/24,A,0.6677456,1.9892577,1414.486,1709.8943,0.11515504,0.68557954,,,
2024-04-06,Everton,Burnley,1,0,England_Premier,23/24,H,1.6067373,1.0127167,1449.8566,1338.6298,0.51203674,0.2387131,,,
2024-04-06,Fulham,Newcastle,0,1,England_Premier,23/24,A,,,,,,,,,
2024-04-06,Luton,Bournemouth,2,1,England_Premier,23/24,H,,,,,,,,,
2024-04-06,Aston Villa,Brentford,3,3,England_Premier,23/24,D,1.8468182,1.1172756,1574.5558,1422.2274,0.5442837,0.22833116,,,
2024-04-06,Wolves,West Ham,1,2,England_Premier,23/24,A,1.1807842,1.3593031,1480.784,1496.3844,0.32468277,0.40906876,,,
2024-04-06,Brighton,Arsenal,0,3,England_Premier,23/24,A,0.87783587,1.9981686,1514.6388,1692.6385,0.15714258,0.63484544,,,
2024-04-07,Manchester United,Liverpool,2,2,England_Premier,23/24,D,0.93215966,1.9612669,1530.3826,1705.1764,0.17271134,0.6138067,,,
2024-04-07,Sheffield Utd,Chelsea,2,2,England_Premier,23/24,D,0.75372076,2.1053853,1318.7698,1513.9218,0.12185935,0.68674046,,,
2024-04-07,Tottenham,Nottingham Forest,3,1,England_Premier,23/24,H,2.095918,0.92127717,1584.3352,1429.9691,0.644275,0.1556104,,,
2024-04-13,Newcastle,Tottenham,4,0,England_Premier,23/24,H,1.4249862,1.6723177,1537.0164,1590.1726,0.3281514,0.4351379,,,
2024-04-13,Nottingham Forest,Wolves,2,2,England_Premier,23/24,D,1.4133937,1.1546094,1424.3428,1470.043,0.4292009,0.30763593,,,
2024-04-13,Brentford,Sheffield Utd,2,0,England_Premier,23/24,H,2.0045445,0.9378009,1429.8007,1327.0278,0.6215907,0.16895708,,,
2024-04-13,Burnley,Brighton,1,1,England_Premier,23/24,D,,,,,,,,,
2024-04-13,Manchester City,Luton,5,1,England_Premier,23/24,H,2.8823087,0.64352405,1714.4928,1394.629,0.82872844,0.05608228,,,
2024-04-13,Bournemouth,Manchester United,2,2,England_Premier,23/24,D,1.3725798,1.4467423,1467.9148,1535.7538,0.3574319,0.390958,,,
2024-04-14,Liverpool,Crystal Palace,0,1,England_Premier,23/24,A,2.5105095,0.7010083,1698.6694,1410.5878,0.7678697,0.082896784,,,
2024-04-14,West Ham,Fulham,0,2,England_Premier,23/24,A,1.3577712,1.3543807,1506.7567,1464.8575,0.37202567,0.37046617,,,
2024-04-14,Arsenal,Aston Villa,0,2,England_Premier,23/24,A,2.327622,0.8252858,1702.8726,1566.8492,0.71021795,0.11605431,,,
2024-04-15,Chelsea,Everton,6,0,England_Premier,23/24,H,1.8038857,1.0305343,1507.6631,1453.4312,0.5550147,0.21445712,,,
2024-04-20,Luton,Brentford,1,5,England_Premier,23/24,A,1.2386308,1.6311257,1390.8811,1437.1267,0.29053152,0.46552953,,,
2024-04-20,Sheffield Utd,Burnley,1,4,England_Premier,23/24,A,,,,,,,,,
2024-04-20,Wolves,Arsenal,0,2,England_Premier,23/24,A,,,,,,,,,
2024-04-21,Everton,Nottingham Forest,2,0,England_Premier,23/24,H,,,,,,,,,
2024-04-21,Crystal Palace,West Ham,5,2,England_Premier,23/24,H,,,,,,,,,
2024-04-21,Aston Villa,Bournemouth,3,1,England_Premier,23/24,H,,,,,,,,,
2024-04-21,Fulham,Liverpool,1,3,England_Premier,23/24,A,,,,,,,,,
2024-04-23,Arsenal,Chelsea,5,0,England_Premier,23/24,H,,,,,,,,,
2024-04-24,Wolves,Bournemouth,0,1,England_Premier,23/24,A,,,,,,,,,
2024-04-24,Manchester United,Sheffield Utd,4,2,England_Premier,23/24,H,,,,,,,,,
2024-04-24,Crystal Palace,Newcastle,2,0,England_Premier,23/24,H,,,,,,,,,
2024-04-24,Everton,Liverpool,2,0,England_Premier,23/24,H,,,,,,,,,
2024-04-25,Brighton,Manchester City,0,4,England_Premier,23/24,A,,,,,,,,,
2024-04-27,West Ham,Liverpool,2,2,England_Premier,23/24,D,,,,,,,,,
2024-04-27,Wolves,Luton,2,1,England_Premier,23/24,H,,,,,,,,,
2024-04-27,Fulham,Crystal Palace,1,1,England_Premier,23/24,D,,,,,,,,,
2024-04-27,Manchester United,Burnley,1,1,England_Premier,23/24,D,,,,,,,,,
2024-04-27,Newcastle,Sheffield Utd,5,1,England_Premier,23/24,H,,,,,,,,,
2024-04-27,Everton,Brentford,1,0,England_Premier,23/24,H,,,,,,,,,
2024-04-27,Aston Villa,Chelsea,2,2,England_Premier,23/24,D,,,,,,,,,
2024-04-28,Bournemouth,Brighton,3,0,England_Premier,23/24,H,,,,,,,,,
2024-04-28,Tottenham,Arsenal,2,3,England_Premier,23/24,A,,,,,,,,,
2024-04-28,Nottingham Forest,Manchester City,0,2,England_Premier,23/24,A,,,,,,,,,
2024-05-02,Chelsea,Tottenham,2,0,England_Premier,23/24,H,,,,,,,,,
2024-05-03,Luton,Everton,1,1,England_Premier,23/24,D,,,,,,,,,
2024-05-04,Arsenal,Bournemouth,3,0,England_Premier,23/24,H,2.5643208,0.7075381,1701.61,1486.1879,0.77435976,0.080593094,,,
2024-05-04,Brentford,Fulham,0,0,England_Premier,23/24,D,1.630618,1.2595108,1444.6384,1472.1622,0.46076152,0.29570723,,,
2024-05-04,Burnley,Newcastle,1,4,England_Premier,23/24,A,1.1795018,1.7517669,1367.1793,1541.6411,0.25680447,0.50785494,,,
2024-05-04,Sheffield Utd,Nottingham Forest,1,3,England_Premier,23/24,A,0.9150981,1.8075539,1288.9486,1411.0634,0.18746993,0.58404416,,,
2024-05-04,Manchester City,Wolves,5,1,England_Premier,23/24,H,2.7809978,0.656821,1731.6063,1457.2334,0.81402296,0.062230576,,,
2024-05-05,Chelsea,West Ham,5,0,England_Premier,23/24,H,2.0652134,1.0554874,1529.7471,1481.897,0.6062616,0.18642296,,,
2024-05-05,Brighton,Aston Villa,1,0,England_Premier,23/24,H,,,,,,,,,
2024-05-05,Liverpool,Tottenham,4,2,England_Premier,23/24,H,,,,,,,,,
2024-05-06,Crystal Palace,Manchester United,4,0,England_Premier,23/24,H,,,,,,,,,
2024-05-11,Fulham,Manchester City,0,4,England_Premier,23/24,A,,,,,,,,,
2024-05-11,Newcastle,Brighton,1,1,England_Premier,23/24,D,2.0014033,1.1132803,1550.145,1491.3497,0.5793394,0.20653881,,,
2024-05-11,Bournemouth,Brentford,1,2,England_Premier,23/24,A,1.5770451,1.2885011,1481.3762,1444.1393,0.44126216,0.31216288,,,
2024-05-11,Tottenham,Burnley,2,1,England_Premier,23/24,H,2.3421435,0.88015974,1547.7395,1357.3523,0.7001343,0.124415934,,,
2024-05-11,West Ham,Luton,3,1,England_Premier,23/24,H,1.6734428,1.2637706,1471.484,1372.7219,0.4701774,0.2894825,,,
2024-05-11,Wolves,Crystal Palace,1,3,England_Premier,23/24,A,1.1204368,1.4039428,1453.3073,1479.2368,0.3003315,0.43442422,,,
2024-05-11,Everton,Sheffield Utd,1,0,England_Premier,23/24,H,1.8696162,0.8494848,1476.2085,1277.6206,0.61435,0.1653068,,,
2024-05-11,Nottingham Forest,Chelsea,2,3,England_Premier,23/24,A,1.0844966,1.7442132,1420.1678,1540.4591,0.23553856,0.52821547,,,
2024-05-12,Manchester United,Arsenal,0,1,England_Premier,23/24,A,0.81618065,2.2475317,1514.8373,1706.9811,0.12114618,0.69815105,,,
2024-05-13,Aston Villa,Liverpool,3,3,England_Premier,23/24,D,,,,,,,,,
2024-05-14,Tottenham,Manchester City,0,2,England_Premier,23/24,A,,,,,,,,,
2024-05-15,Brighton,Chelsea,1,2,England_Premier,23/24,A,1.2445706,1.7655705,1495.1779,1546.2083,0.26990703,0.49631208,,,
2024-05-15,Manchester United,Newcastle,3,2,England_Premier,23/24,H,1.3617207,1.6296921,1511.6007,1546.3043,0.32063827,0.43832028,,,
2024-05-19,Arsenal,Everton,2,1,England_Premier,23/24,H,2.621413,0.6491419,1710.5851,1476.9023,0.79490083,0.06918524,,,
2024-05-19,Brentford,Newcastle,2,4,England_Premier,23/24,A,1.351473,1.7105504,1455.9823,1537.6967,0.30409527,0.45981166,,,
2024-05-19,Brighton,Manchester United,0,2,England_Premier,23/24,A,1.5227032,1.4431901,1486.818,1520.1431,0.39538103,0.3602385,,,
2024-05-19,Burnley,Nottingham Forest,1,2,England_Premier,23/24,A,1.1814123,1.5622536,1356.319,1414.3875,0.28812897,0.46137708,,,
2024-05-19,Chelsea,Bournemouth,2,1,England_Premier,23/24,H,2.3355825,1.0435839,1554.4791,1469.4612,0.66183937,0.15440759,,,
2024-05-19,Crystal Palace,Aston Villa,5,0,England_Premier,23/24,H,1.6637827,1.1942308,1491.8568,1578.7294,0.48347712,0.2743019,,,
2024-05-19,Liverpool,Wolves,2,0,England_Premier,23/24,H,2.803856,0.6941179,1659.0281,1440.6411,0.809424,0.065763086,,,
2024-05-19,Luton,Fulham,2,4,England_Premier,23/24,A,,,,,,,,,
2024-05-19,Manchester City,West Ham,3,1,England_Premier,23/24,H,2.954195,0.65791225,1751.3695,1478.2384,0.83413905,0.05467503,,,
2024-05-19,Sheffield Utd,Tottenham,0,3,England_Premier,23/24,A,0.7301923,2.374558,1276.7966,1542.1733,0.096433744,0.7400458,,,
